Family,Genus,Species,Genus_species,Body_size,PLD_mean,Egg_type,Group
APOGONIDAE,Gymnapogon,urospilotus,Gymnapogon urospilotus,3.6,34.6,DEM,Cryptobenthic
CHAENOPSIDAE,Acanthemblemaria,aspera,Acanthemblemaria aspera,4,20.7,DEM,Cryptobenthic
DACTYLOSCOPIDAE,Gillellus,uranidea,Gillellus uranidea,4.5,20.9,DEM,Cryptobenthic
GOBIIDAE,Barbulifer,ceuthoecus,Barbulifer ceuthoecus,3,39.2,DEM,Cryptobenthic
GOBIIDAE,Coryphopterus,kuna,Coryphopterus kuna,2.2,61.35,DEM,Cryptobenthic
GOBIIDAE,Elacatinus,evelynae,Elacatinus evelynae,4,22.3,DEM,Cryptobenthic
GOBIIDAE,Elacatinus,randalli,Elacatinus randalli,4.6,38,DEM,Cryptobenthic
GOBIIDAE,Eviota,melasma,Eviota melasma,3.2,26.2,DEM,Cryptobenthic
GOBIIDAE,Eviota,queenslandica,Eviota queenslandica,3,24.2,DEM,Cryptobenthic
GOBIIDAE,Eviota,sigillata,Eviota sigillata,2.5,24.7,DEM,Cryptobenthic
GOBIIDAE,Gobiosoma,grosvenori,Gobiosoma grosvenori,3,21.3,DEM,Cryptobenthic
GOBIIDAE,Paragobiodon,echinocephalus,Paragobiodon echinocephalus,4,36,DEM,Cryptobenthic
GOBIIDAE,Paragobiodon,lacunicolus,Paragobiodon lacunicolus,3,31,DEM,Cryptobenthic
GOBIIDAE,Paragobiodon,melanosomus,Paragobiodon melanosomus,3.5,42.3,DEM,Cryptobenthic
GOBIIDAE,Priolepis,hipoliti,Priolepis hipoliti,4,55.4,DEM,Cryptobenthic
GOBIIDAE,Trimma,benjamini,Trimma benjamini,3,33.9,DEM,Cryptobenthic
GOBIIDAE,Trimma,nasa,Trimma nasa,2.8,33.9,DEM,Cryptobenthic
TRIPTERYGIIDAE,Axoclinus,nigricaudus,Axoclinus nigricaudus,4.5,18,DEM,Cryptobenthic
TRIPTERYGIIDAE,Enneapterygius,atriceps,Enneapterygius atriceps,2.6,30,DEM,Cryptobenthic
APOGONIDAE,Apogon,aurolineatus,Apogon aurolineatus,6.4,19.5,DEM,Parental care
APOGONIDAE,Apogon,binotatus,Apogon binotatus,15,20.1,DEM,Parental care
APOGONIDAE,Apogon,compressus,Apogon compressus,12,24,DEM,Parental care
APOGONIDAE,Apogon,cyanosoma,Apogon cyanosoma,8,21.1,DEM,Parental care
APOGONIDAE,Apogon,doederleini,Apogon doederleini,14,22.6,DEM,Parental care
APOGONIDAE,Apogon,exostigma,Apogon exostigma,11,33.5,DEM,Parental care
APOGONIDAE,Apogon,fraenatus,Apogon fraenatus,11,25.3,DEM,Parental care
APOGONIDAE,Apogon,imberbis,Apogon imberbis,15,21.3,DEM,Parental care
APOGONIDAE,Apogon,maculatus,Apogon maculatus,11.1,20.7,DEM,Parental care
APOGONIDAE,Apogon,nigrofasciatus,Apogon nigrofasciatus,8,18.5,DEM,Parental care
APOGONIDAE,Apogon,novemfasciatus,Apogon novemfasciatus,9,29.7,DEM,Parental care
APOGONIDAE,Apogon,properuptus,Apogon properuptus,7.5,19.2,DEM,Parental care
APOGONIDAE,Apogon,pseudomaculatus,Apogon pseudomaculatus,8.9,26.8,DEM,Parental care
APOGONIDAE,Apogon,quadrisquamatus,Apogon quadrisquamatus,7,18.7,DEM,Parental care
APOGONIDAE,Astrapogon,stellatus,Astrapogon stellatus,8,20.2,DEM,Parental care
APOGONIDAE,Cheilodipterus,macrodon,Cheilodipterus macrodon,25,16.3,DEM,Parental care
APOGONIDAE,Cheilodipterus,quinquelineatus,Cheilodipterus quinquelineatus,13,17.97,DEM,Parental care
APOGONIDAE,Foa,brachygramma,Foa brachygramma,8,30.6,DEM,Parental care
APOGONIDAE,Fowleria,marmorata,Fowleria marmorata,9,41.3,DEM,Parental care
APOGONIDAE,Nectamia,bandanensis,Nectamia bandanensis,9,24.5,DEM,Parental care
APOGONIDAE,Phaeoptyx,pigmentaria,Phaeoptyx pigmentaria,8,20,DEM,Parental care
APOGONIDAE,Sphaeraemia,orbicularis,Sphaeraemia orbicularis,10,17,DEM,Parental care
BLENNIIDAE,Hypleurochilus,bermudensis,Hypleurochilus bermudensis,10.2,25.4,DEM,Parental care
BLENNIIDAE,Ophioblennius,macclurei,Ophioblennius macclurei,20,38,DEM,Parental care
BLENNIIDAE,Ophioblennius,steindachneri,Ophioblennius steindachneri,25,50,DEM,Parental care
BLENNIIDAE,Parablennius,marmoreus,Parablennius marmoreus,10.8,23.4,DEM,Parental care
BLENNIIDAE,Parablennius,pilicornis,Parablennius pilicornis,12.7,30.5,DEM,Parental care
BLENNIIDAE,Petroscirtes,fallax,Petroscirtes fallax,9.5,21,DEM,Parental care
GOBIIDAE,Amblygobius,phalaena,Amblygobius phalaena,15,19.66,DEM,Parental care
GOBIIDAE,Bathygobius,coalitus,Bathygobius coalitus,12,40,DEM,Parental care
GOBIIDAE,Bathygobius,soporator,Bathygobius soporator,15,29,DEM,Parental care
GOBIIDAE,Nes,longus,Nes longus,10,29,DEM,Parental care
LABRISOMIDAE,Labrisomus,nuchipinnis,Labrisomus nuchipinnis,22,25,DEM,Parental care
LABRISOMIDAE,Malacoctenus,hubbsi,Malacoctenus hubbsi,9,24,DEM,Parental care
POMACENTRIDAE,Abudefduf,abdominalis,Abudefduf abdominalis,30,20.85,DEM,Parental care
POMACENTRIDAE,Abudefduf,bengalensis,Abudefduf bengalensis,17,22.8,DEM,Parental care
POMACENTRIDAE,Abudefduf,concolor,Abudefduf concolor,19,20.85,DEM,Parental care
POMACENTRIDAE,Abudefduf,declivifrons,Abudefduf declivifrons,18,21.9,DEM,Parental care
POMACENTRIDAE,Abudefduf,lorenzi,Abudefduf lorenzi,18,23,DEM,Parental care
POMACENTRIDAE,Abudefduf,saxatilis,Abudefduf saxatilis,23,23.5,DEM,Parental care
POMACENTRIDAE,Abudefduf,sexfasciatus,Abudefduf sexfasciatus,19,19.4,DEM,Parental care
POMACENTRIDAE,Abudefduf,sordidus,Abudefduf sordidus,23,26.1,DEM,Parental care
POMACENTRIDAE,Abudefduf,taurus,Abudefduf taurus,25,24.45,DEM,Parental care
POMACENTRIDAE,Abudefduf,troschelii,Abudefduf troschelii,18,18.1,DEM,Parental care
POMACENTRIDAE,Abudefduf,vaigiensis,Abudefduf vaigiensis,15,21.13,DEM,Parental care
POMACENTRIDAE,Abudefduf,whitleyi,Abudefduf whitleyi,19,18.3,DEM,Parental care
POMACENTRIDAE,Acanthochromis,polyacanthus,Acanthochromis polyacanthus,14,1,DEM,Parental care
POMACENTRIDAE,Amblyglyphidodon,aureus,Amblyglyphidodon aureus,13,16.5,DEM,Parental care
POMACENTRIDAE,Amblyglyphidodon,curacao,Amblyglyphidodon curacao,11,15.68,DEM,Parental care
POMACENTRIDAE,Amblyglyphidodon,leucogaster,Amblyglyphidodon leucogaster,13,16.35,DEM,Parental care
POMACENTRIDAE,Amblyglyphidodon,ternatensis,Amblyglyphidodon ternatensis,10,20,DEM,Parental care
POMACENTRIDAE,Amphiprion,akindynos,Amphiprion akindynos,9,12.4,DEM,Parental care
POMACENTRIDAE,Amphiprion,chrysopterus,Amphiprion chrysopterus,17,17,DEM,Parental care
POMACENTRIDAE,Amphiprion,clarkii,Amphiprion clarkii,15,12.15,DEM,Parental care
POMACENTRIDAE,Amphiprion,melanopus,Amphiprion melanopus,12,12.4,DEM,Parental care
POMACENTRIDAE,Amphiprion,percula,Amphiprion percula,11,10.8,DEM,Parental care
POMACENTRIDAE,Amphiprion,perideraion,Amphiprion perideraion,10,14.3,DEM,Parental care
POMACENTRIDAE,Amphiprion,polymnus,Amphiprion polymnus,13,11,DEM,Parental care
POMACENTRIDAE,Amphiprion,tricinctus,Amphiprion tricinctus,12,10.1,DEM,Parental care
POMACENTRIDAE,Chromis,agilis,Chromis agilis,8,32.7,DEM,Parental care
POMACENTRIDAE,Chromis,alpha,Chromis alpha,8,30,DEM,Parental care
POMACENTRIDAE,Chromis,alta,Chromis alta,13,18.7,DEM,Parental care
POMACENTRIDAE,Chromis,amboinensis,Chromis amboinensis,9,22.1,DEM,Parental care
POMACENTRIDAE,Chromis,atrilobata,Chromis atrilobata,12,30.95,DEM,Parental care
POMACENTRIDAE,Chromis,atripectoralis,Chromis atripectoralis,12,19,DEM,Parental care
POMACENTRIDAE,Chromis,atripes,Chromis atripes,9,30,DEM,Parental care
POMACENTRIDAE,Chromis,caerulea,Chromis caerulea,6.5,26,DEM,Parental care
POMACENTRIDAE,Chromis,caudalis,Chromis caudalis,8,27,DEM,Parental care
POMACENTRIDAE,Chromis,chrysura,Chromis chrysura,14,23.2,DEM,Parental care
POMACENTRIDAE,Chromis,cyanea,Chromis cyanea,15,29.9,DEM,Parental care
POMACENTRIDAE,Chromis,delta,Chromis delta,7,24,DEM,Parental care
POMACENTRIDAE,Chromis,insolata,Chromis insolata,16,25.75,DEM,Parental care
POMACENTRIDAE,Chromis,iomelas,Chromis iomelas,8,24.4,DEM,Parental care
POMACENTRIDAE,Chromis,lepidolepis,Chromis lepidolepis,9,31.5,DEM,Parental care
POMACENTRIDAE,Chromis,limbaughi,Chromis limbaughi,10,23.5,DEM,Parental care
POMACENTRIDAE,Chromis,lineata,Chromis lineata,7,33.75,DEM,Parental care
POMACENTRIDAE,Chromis,margaritifer,Chromis margaritifer,9,31.8,DEM,Parental care
POMACENTRIDAE,Chromis,multilineata,Chromis multilineata,20,28.16,DEM,Parental care
POMACENTRIDAE,Chromis,notata,Chromis notata,17,40,DEM,Parental care
POMACENTRIDAE,Chromis,ternatensis,Chromis ternatensis,10,28.5,DEM,Parental care
POMACENTRIDAE,Chromis,viridis,Chromis viridis,8,23.97,DEM,Parental care
POMACENTRIDAE,Chromis,weberi,Chromis weberi,14,31.2,DEM,Parental care
POMACENTRIDAE,Chromis,xanthura,Chromis xanthura,15,28.2,DEM,Parental care
POMACENTRIDAE,Chrysiptera,biocellata,Chrysiptera biocellata,12,18.4,DEM,Parental care
POMACENTRIDAE,Chrysiptera,brownriggii,Chrysiptera brownriggii,8,22.13,DEM,Parental care
POMACENTRIDAE,Chrysiptera,cyanea,Chrysiptera cyanea,8,17.43,DEM,Parental care
POMACENTRIDAE,Chrysiptera,flavipinnis,Chrysiptera flavipinnis,8,19,DEM,Parental care
POMACENTRIDAE,Chrysiptera,galba,Chrysiptera galba,7,23.5,DEM,Parental care
POMACENTRIDAE,Chrysiptera,glauca,Chrysiptera glauca,10,23.5,DEM,Parental care
POMACENTRIDAE,Chrysiptera,hemicyanea,Chrysiptera hemicyanea,7,19.3,DEM,Parental care
POMACENTRIDAE,Chrysiptera,oxycephala,Chrysiptera oxycephala,9,21.5,DEM,Parental care
POMACENTRIDAE,Chrysiptera,rex,Chrysiptera rex,7,19.78,DEM,Parental care
POMACENTRIDAE,Chrysiptera,rollandi,Chrysiptera rollandi,8,19.76,DEM,Parental care
POMACENTRIDAE,Dascyllus,albisella,Dascyllus albisella,13,25.9,DEM,Parental care
POMACENTRIDAE,Dascyllus,aruanus,Dascyllus aruanus,10,21.1,DEM,Parental care
POMACENTRIDAE,Dascyllus,flavicaudus,Dascyllus flavicaudus,11,27.7,DEM,Parental care
POMACENTRIDAE,Dascyllus,melanurus,Dascyllus melanurus,8,22.25,DEM,Parental care
POMACENTRIDAE,Dascyllus,reticulatus,Dascyllus reticulatus,9,22.7,DEM,Parental care
POMACENTRIDAE,Dascyllus,trimaculatus,Dascyllus trimaculatus,11,28,DEM,Parental care
POMACENTRIDAE,Dischistodus,chrysopoecilus,Dischistodus chrysopoecilus,15,19.5,DEM,Parental care
POMACENTRIDAE,Dischistodus,melanotus,Dischistodus melanotus,16,14.85,DEM,Parental care
POMACENTRIDAE,Dischistodus,perspicillatus,Dischistodus perspicillatus,18,14.9,DEM,Parental care
POMACENTRIDAE,Dischistodus,prosopotaenia,Dischistodus prosopotaenia,18.5,23.5,DEM,Parental care
POMACENTRIDAE,Dischistodus,pseudochrysopoecilus,Dischistodus pseudochrysopoecilus,18,17.6,DEM,Parental care
POMACENTRIDAE,Hemiglyphidodon,plagiometopon,Hemiglyphidodon plagiometopon,18,18,DEM,Parental care
POMACENTRIDAE,Lepidozygus,tapeinosoma,Lepidozygus tapeinosoma,10,19.35,DEM,Parental care
POMACENTRIDAE,Microspathodon,bairdii,Microspathodon bairdii,30,25.9,DEM,Parental care
POMACENTRIDAE,Microspathodon,chrysurus,Microspathodon chrysurus,21,25.85,DEM,Parental care
POMACENTRIDAE,Microspathodon,dorsalis,Microspathodon dorsalis,31,31.45,DEM,Parental care
POMACENTRIDAE,Neoglyphidodon,melas,Neoglyphidodon melas,18,15.45,DEM,Parental care
POMACENTRIDAE,Neoglyphidodon,nigroris,Neoglyphidodon nigroris,13,18.8,DEM,Parental care
POMACENTRIDAE,Neopomacentrus,azysron,Neopomacentrus azysron,8,22,DEM,Parental care
POMACENTRIDAE,Neopomacentrus,bankieri,Neopomacentrus bankieri,6.5,21,DEM,Parental care
POMACENTRIDAE,Neopomacentrus,cyanomos,Neopomacentrus cyanomos,10,17.5,DEM,Parental care
POMACENTRIDAE,Neopomacentrus,filamentosus,Neopomacentrus filamentosus,11,20,DEM,Parental care
POMACENTRIDAE,Neopomacentrus,nemurus,Neopomacentrus nemurus,8,19.2,DEM,Parental care
POMACENTRIDAE,Nexilosus,latifrons,Nexilosus latifrons,30,29.2,DEM,Parental care
POMACENTRIDAE,Plectroglyphidodon,dickii,Plectroglyphidodon dickii,11,26.6,DEM,Parental care
POMACENTRIDAE,Plectroglyphidodon,johnstonianus,Plectroglyphidodon johnstonianus,14,31.7,DEM,Parental care
POMACENTRIDAE,Plectroglyphidodon,lacrymatus,Plectroglyphidodon lacrymatus,10,22.35,DEM,Parental care
POMACENTRIDAE,Plectroglyphidodon,sindonis,Plectroglyphidodon sindonis,10,30,DEM,Parental care
POMACENTRIDAE,Pomacentrus,alexanderae,Pomacentrus alexanderae,9,20.65,DEM,Parental care
POMACENTRIDAE,Pomacentrus,amboinensis,Pomacentrus amboinensis,9,20.14,DEM,Parental care
POMACENTRIDAE,Pomacentrus,australis,Pomacentrus australis,8,25,DEM,Parental care
POMACENTRIDAE,Pomacentrus,bankanensis,Pomacentrus bankanensis,9,18.4,DEM,Parental care
POMACENTRIDAE,Pomacentrus,brachialis,Pomacentrus brachialis,8,18,DEM,Parental care
POMACENTRIDAE,Pomacentrus,burroughi,Pomacentrus burroughi,8,16.8,DEM,Parental care
POMACENTRIDAE,Pomacentrus,chrysurus,Pomacentrus chrysurus,9,17,DEM,Parental care
POMACENTRIDAE,Pomacentrus,coelestis,Pomacentrus coelestis,9,17.82,DEM,Parental care
POMACENTRIDAE,Pomacentrus,emarginatus,Pomacentrus emarginatus,9,18.4,DEM,Parental care
POMACENTRIDAE,Pomacentrus,grammorhynchus,Pomacentrus grammorhynchus,9,16.4,DEM,Parental care
POMACENTRIDAE,Pomacentrus,lepidogenys,Pomacentrus lepidogenys,9,20,DEM,Parental care
POMACENTRIDAE,Pomacentrus,moluccensis,Pomacentrus moluccensis,9,19.17,DEM,Parental care
POMACENTRIDAE,Pomacentrus,nagasakiensis,Pomacentrus nagasakiensis,10,22.35,DEM,Parental care
POMACENTRIDAE,Pomacentrus,pavo,Pomacentrus pavo,8,26.24,DEM,Parental care
POMACENTRIDAE,Pomacentrus,philippinus,Pomacentrus philippinus,10,16,DEM,Parental care
POMACENTRIDAE,Pomacentrus,reidi,Pomacentrus reidi,9,18,DEM,Parental care
POMACENTRIDAE,Pomacentrus,simsiang,Pomacentrus simsiang,7,15.8,DEM,Parental care
POMACENTRIDAE,Pomacentrus,taeniometopon,Pomacentrus taeniometopon,12,15.7,DEM,Parental care
POMACENTRIDAE,Pomacentrus,vaiuli,Pomacentrus vaiuli,10,21.16,DEM,Parental care
POMACENTRIDAE,Pomacentrus,wardi,Pomacentrus wardi,8,21.66,DEM,Parental care
POMACENTRIDAE,Pomachromis,richardsoni,Pomachromis richardsoni,9.5,21.7,DEM,Parental care
POMACENTRIDAE,Premnas,biaculeatus,Premnas biaculeatus,17,9.2,DEM,Parental care
POMACENTRIDAE,Pristotis,obtusirostris,Pristotis obtusirostris,14,25.3,DEM,Parental care
POMACENTRIDAE,Stegastes,acapulcoensis,Stegastes acapulcoensis,17,22,DEM,Parental care
POMACENTRIDAE,Stegastes,adustus,Stegastes adustus,12,23.8,DEM,Parental care
POMACENTRIDAE,Stegastes,apicalis,Stegastes apicalis,15,29.7,DEM,Parental care
POMACENTRIDAE,Stegastes,arcifrons,Stegastes arcifrons,15,27.55,DEM,Parental care
POMACENTRIDAE,Stegastes,baldwini,Stegastes baldwini,9,26,DEM,Parental care
POMACENTRIDAE,Stegastes,beebei,Stegastes beebei,15,32.3,DEM,Parental care
POMACENTRIDAE,Stegastes,diaencaeus,Stegastes diaencaeus,15,25.72,DEM,Parental care
POMACENTRIDAE,Stegastes,emeryi,Stegastes emeryi,10,22.6,DEM,Parental care
POMACENTRIDAE,Stegastes,fasciolatus,Stegastes fasciolatus,15,29.95,DEM,Parental care
POMACENTRIDAE,Stegastes,flavilatus,Stegastes flavilatus,10,28.5,DEM,Parental care
POMACENTRIDAE,Stegastes,leucorus,Stegastes leucorus,14,32.86,DEM,Parental care
POMACENTRIDAE,Stegastes,leucostictus,Stegastes leucostictus,12,25.29,DEM,Parental care
POMACENTRIDAE,Stegastes,lividus,Stegastes lividus,8.9,25,DEM,Parental care
POMACENTRIDAE,Stegastes,nigricans,Stegastes nigricans,14,31.68,DEM,Parental care
POMACENTRIDAE,Stegastes,partitus,Stegastes partitus,10,31.41,DEM,Parental care
POMACENTRIDAE,Stegastes,planifrons,Stegastes planifrons,15,24.1,DEM,Parental care
POMACENTRIDAE,Stegastes,punctatus,Stegastes punctatus,15,25,DEM,Parental care
POMACENTRIDAE,Stegastes,rectifraenum,Stegastes rectifraenum,9,21.5,DEM,Parental care
POMACENTRIDAE,Stegastes,redemptus,Stegastes redemptus,12,27.65,DEM,Parental care
POMACENTRIDAE,Stegastes,xanthurus,Stegastes xanthurus,12,24.5,DEM,Parental care
POMACENTRIDAE,Teixeirichthys,jordani,Teixeirichthys jordani,14,25.3,DEM,Parental care
PSEUDOCHROMIDAE,Pseudochromis,quinquedentatus,Pseudochromis quinquedentatus,9.5,61,DEM,Parental care
ACANTHURIDAE,Naso,lituratus,Naso lituratus,46,69.4,PEL,Transient
CARANGIDAE,Caranx,melampygus,Caranx melampygus,100,57.6,PEL,Transient
EPINEPHELIDAE,Epinephelus,adscensionis,Epinephelus adscensionis,62,40,PEL,Transient
EPINEPHELIDAE,Epinephelus,itajara,Epinephelus itajara,250,55,PEL,Transient
EPINEPHELIDAE,Epinephelus,marginatus,Epinephelus marginatus,150,24.6,PEL,Transient
EPINEPHELIDAE,Epinephelus,striatus,Epinephelus striatus,100,42,PEL,Transient
EPINEPHELIDAE,Mycteroperca,bonaci,Mycteroperca bonaci,150,41,PEL,Transient
EPINEPHELIDAE,Mycteroperca,microlepis,Mycteroperca microlepis,145,43,PEL,Transient
EPINEPHELIDAE,Plectropomus,leopardus,Plectropomus leopardus,120,25.2,PEL,Transient
LABRIDAE,Lachnolaimus,maximus,Lachnolaimus maximus,91,25.8,PEL,Transient
LETHRINIDAE,Lethrinus,harak,Lethrinus harak,50,28,PEL,Transient
LETHRINIDAE,Lethrinus,nebulosus,Lethrinus nebulosus,86,32.7,PEL,Transient
LETHRINIDAE,Lethrinus,obsoletus,Lethrinus obsoletus,50,25.7,PEL,Transient
LETHRINIDAE,Lethrinus,olivaceus,Lethrinus olivaceus,100,30,PEL,Transient
LETHRINIDAE,Lethrinus,xanthochilus,Lethrinus xanthochilus,70,26.65,PEL,Transient
LETHRINIDAE,Monotaxis,grandoculis,Monotaxis grandoculis,60,33.3,PEL,Transient
LUTJANIDAE,Lutjanus,argentiventris,Lutjanus argentiventris,71,22.9,PEL,Transient
LUTJANIDAE,Lutjanus,campechanus,Lutjanus campechanus,100,28,PEL,Transient
LUTJANIDAE,Lutjanus,cyanopterus,Lutjanus cyanopterus,160,29,PEL,Transient
LUTJANIDAE,Lutjanus,gibbus,Lutjanus gibbus,50,54,PEL,Transient
LUTJANIDAE,Lutjanus,griseus,Lutjanus griseus,66,32.4,PEL,Transient
LUTJANIDAE,Lutjanus,novemfasciatus,Lutjanus novemfasciatus,170,21.75,PEL,Transient
LUTJANIDAE,Lutjanus,synagris,Lutjanus synagris,71,23.87,PEL,Transient
LUTJANIDAE,Ocyurus,chrysurus,Ocyurus chrysurus,86,30.9,PEL,Transient
MULLIDAE,Mulloidichthys,flavolineatus,Mulloidichthys flavolineatus,40,60.1,PEL,Transient
ACANTHURIDAE,Acanthurus,bahianus,Acanthurus bahianus,35,52.3,PEL,Resident
ACANTHURIDAE,Acanthurus,chirurgus,Acanthurus chirurgus,34,55.2,PEL,Resident
ACANTHURIDAE,Acanthurus,coeruleus,Acanthurus coeruleus,36,51.6,PEL,Resident
ACANTHURIDAE,Acanthurus,lineatus,Acanthurus lineatus,38,39.5,PEL,Resident
ACANTHURIDAE,Acanthurus,nigricans,Acanthurus nigricans,21,59.7,PEL,Resident
ACANTHURIDAE,Acanthurus,nigrofuscus,Acanthurus nigrofuscus,21,31,PEL,Resident
ACANTHURIDAE,Acanthurus,olivaceus,Acanthurus olivaceus,35,59.65,PEL,Resident
ACANTHURIDAE,Acanthurus,tractus,Acanthurus tractus,35,52.3,PEL,Resident
ACANTHURIDAE,Acanthurus,triostegus,Acanthurus triostegus,27,47.4,PEL,Resident
ACANTHURIDAE,Ctenochaetus,binotatus,Ctenochaetus binotatus,22,58.5,PEL,Resident
ACANTHURIDAE,Ctenochaetus,flavicauda,Ctenochaetus flavicauda,11.8,31,PEL,Resident
ACANTHURIDAE,Ctenochaetus,striatus,Ctenochaetus striatus,26,43.87,PEL,Resident
ACANTHURIDAE,Naso,annulatus,Naso annulatus,100,62.3,PEL,Resident
ACANTHURIDAE,Naso,brevirostris,Naso brevirostris,60,79.65,PEL,Resident
ACANTHURIDAE,Naso,hexacanthus,Naso hexacanthus,75,91.2,PEL,Resident
ACANTHURIDAE,Naso,unicornis,Naso unicornis,70,73.9,PEL,Resident
ACANTHURIDAE,Naso,vlamingii,Naso vlamingii,55,77.3,PEL,Resident
ACANTHURIDAE,Paracanthurus,hepatus,Paracanthurus hepatus,31,37,PEL,Resident
ACANTHURIDAE,Zebrasoma,flavescens,Zebrasoma flavescens,20,54,PEL,Resident
ACANTHURIDAE,Zebrasoma,scopas,Zebrasoma scopas,40,55.2,PEL,Resident
ACANTHURIDAE,Zebrasoma,veliferum,Zebrasoma veliferum,40,35.75,PEL,Resident
BALISTIDAE,Balistapus,undulatus,Balistapus undulatus,30,51.3,PEL,Resident
BALISTIDAE,Balistes,vetula,Balistes vetula,50,75,PEL,Resident
BALISTIDAE,Balistoides,conspicillum,Balistoides conspicillum,26,36,PEL,Resident
BALISTIDAE,PSeudobalistes,flavimarginatus,PSeudobalistes flavimarginatus,60,44.5,PEL,Resident
BALISTIDAE,Rhineacanthus,aculeatus,Rhineacanthus aculeatus,30,45,PEL,Resident
BALISTIDAE,Rhinecanthus,rectangulus,Rhinecanthus rectangulus,30,43.5,PEL,Resident
CHAETODONTIDAE,Chaetodon,auriga,Chaetodon auriga,23,44.27,PEL,Resident
CHAETODONTIDAE,Chaetodon,baronessa,Chaetodon baronessa,16,35.5,PEL,Resident
CHAETODONTIDAE,Chaetodon,capistratus,Chaetodon capistratus,20,38,PEL,Resident
CHAETODONTIDAE,Chaetodon,citrinellus,Chaetodon citrinellus,13,50.5,PEL,Resident
CHAETODONTIDAE,Chaetodon,collare,Chaetodon collare,18,43,PEL,Resident
CHAETODONTIDAE,Chaetodon,ephippium,Chaetodon ephippium,23,38.5,PEL,Resident
CHAETODONTIDAE,Chaetodon,flavirostris,Chaetodon flavirostris,20,47.27,PEL,Resident
CHAETODONTIDAE,Chaetodon,kleinii,Chaetodon kleinii,15,56,PEL,Resident
CHAETODONTIDAE,Chaetodon,lineolatus,Chaetodon lineolatus,30,54,PEL,Resident
CHAETODONTIDAE,Chaetodon,lunula,Chaetodon lunula,21,43,PEL,Resident
CHAETODONTIDAE,Chaetodon,lunulatus,Chaetodon lunulatus,15,39.3,PEL,Resident
CHAETODONTIDAE,Chaetodon,miliaris,Chaetodon miliaris,13,60,PEL,Resident
CHAETODONTIDAE,Chaetodon,ocellatus,Chaetodon ocellatus,15,35.5,PEL,Resident
CHAETODONTIDAE,Chaetodon,ornatissimus,Chaetodon ornatissimus,18,62.5,PEL,Resident
CHAETODONTIDAE,Chaetodon,plebeius,Chaetodon plebeius,15,44,PEL,Resident
CHAETODONTIDAE,Chaetodon,rainfordi,Chaetodon rainfordi,15,31.4,PEL,Resident
CHAETODONTIDAE,Chaetodon,sedentarius,Chaetodon sedentarius,18,52,PEL,Resident
CHAETODONTIDAE,Chaetodon,speculum,Chaetodon speculum,18,44.7,PEL,Resident
CHAETODONTIDAE,Chaetodon,striatus,Chaetodon striatus,20,49,PEL,Resident
CHAETODONTIDAE,Chaetodon,trifascialis,Chaetodon trifascialis,18,35.7,PEL,Resident
CHAETODONTIDAE,Chaetodon,ulietensis,Chaetodon ulietensis,15,41,PEL,Resident
CHAETODONTIDAE,Chaetodon,unimaculatus,Chaetodon unimaculatus,20,35,PEL,Resident
CHAETODONTIDAE,Chaetodon,vagabundus,Chaetodon vagabundus,23,42.26,PEL,Resident
CHAETODONTIDAE,Chelmon,rostratus,Chelmon rostratus,20,26.25,PEL,Resident
CHAETODONTIDAE,Forcipiger,flavissimus,Forcipiger flavissimus,22,50.7,PEL,Resident
CHAETODONTIDAE,Heniochus,acuminatus,Heniochus acuminatus,25,40.83,PEL,Resident
CHAETODONTIDAE,Heniochus,chrysostomus,Heniochus chrysostomus,18,32.7,PEL,Resident
CHAETODONTIDAE,Heniochus,diphreutes,Heniochus diphreutes,21,32,PEL,Resident
CIRRHITIDAE,Cirrhitichthys,oxycephalus,Cirrhitichthys oxycephalus,10,51,PEL,Resident
CIRRHITIDAE,Neocirrhites,armatus,Neocirrhites armatus,9,48,PEL,Resident
CIRRHITIDAE,Oxycirrhites,typus,Oxycirrhites typus,13,69,PEL,Resident
CIRRHITIDAE,Paracirrhites,arcatus,Paracirrhites arcatus,14,49.7,PEL,Resident
DACTYLOPTERIDAE,Dactyloptena,orientalis,Dactyloptena orientalis,40,43.4,PEL,Resident
DACTYLOPTERIDAE,Dactylopterus,volitans,Dactylopterus volitans,45,24,PEL,Resident
EPINEPHELIDAE,Cephalopholis,argus,Cephalopholis argus,60,27.5,PEL,Resident
EPINEPHELIDAE,Cephalopholis,boenak,Cephalopholis boenak,26,31,PEL,Resident
EPINEPHELIDAE,Cephalopholis,urodeta,Cephalopholis urodeta,27,24.3,PEL,Resident
EPINEPHELIDAE,Cromileptes,altivelis,Cromileptes altivelis,70,24,PEL,Resident
EPINEPHELIDAE,Epinephelus,akaara,Epinephelus akaara,30,30,PEL,Resident
EPINEPHELIDAE,Epinephelus,areolatus,Epinephelus areolatus,40,18,PEL,Resident
EPINEPHELIDAE,Epinephelus,hexagonatus,Epinephelus hexagonatus,26,24.7,PEL,Resident
EPINEPHELIDAE,Epinephelus,merra,Epinephelus merra,32,29.6,PEL,Resident
EPINEPHELIDAE,Plectropomus,maculatus,Plectropomus maculatus,125,27,PEL,Resident
HAEMULIDAE,Anisotremus,surinamensis,Anisotremus surinamensis,76,19.5,PEL,Resident
HAEMULIDAE,Anisotremus,virginicus,Anisotremus virginicus,40,16.95,PEL,Resident
HAEMULIDAE,Haemulon,aurolineatum,Haemulon aurolineatum,25,19.3,PEL,Resident
HAEMULIDAE,Haemulon,chrysargyreum,Haemulon chrysargyreum,23,22,PEL,Resident
HAEMULIDAE,Haemulon,flavolineatum,Haemulon flavolineatum,30,17,PEL,Resident
HAEMULIDAE,Haemulon,melanurum,Haemulon melanurum,35,18.4,PEL,Resident
HAEMULIDAE,Haemulon,parra,Haemulon parra,41,17.3,PEL,Resident
HAEMULIDAE,Haemulon,plumierii,Haemulon plumierii,53,22.6,PEL,Resident
HAEMULIDAE,Haemulon,striatum,Haemulon striatum,28,21.125,PEL,Resident
HOLOCENTRIDAE,Holocentrus,adscensionis,Holocentrus adscensionis,45,55.6,PEL,Resident
HOLOCENTRIDAE,Holocentrus,rufus,Holocentrus rufus,44,44.1,PEL,Resident
HOLOCENTRIDAE,Myripristis,jacobus,Myripristis jacobus,25,53.8,PEL,Resident
HOLOCENTRIDAE,Myripristis,pralinia,Myripristis pralinia,20,67,PEL,Resident
HOLOCENTRIDAE,Neoniphon,argenteus,Neoniphon argenteus,19,41,PEL,Resident
HOLOCENTRIDAE,Neoniphon,marianus,Neoniphon marianus,22,39.3,PEL,Resident
HOLOCENTRIDAE,Neoniphon,sammara,Neoniphon sammara,30,47,PEL,Resident
HOLOCENTRIDAE,Plectrypops,retrospinis,Plectrypops retrospinis,15,43.6,PEL,Resident
HOLOCENTRIDAE,Sargocentron,coruscum,Sargocentron coruscum,13.5,35.5,PEL,Resident
HOLOCENTRIDAE,Sargocentron,microstoma,Sargocentron microstoma,19,40.3,PEL,Resident
HOLOCENTRIDAE,Sargocentron,punctatissimum,Sargocentron punctatissimum,13,45,PEL,Resident
HOLOCENTRIDAE,Sargocentron,spiniferum,Sargocentron spiniferum,45,39.8,PEL,Resident
HOLOCENTRIDAE,Sargocentron,vexillarium,Sargocentron vexillarium,17.2,35.9,PEL,Resident
LABRIDAE,Anampses,caeruleopunctatus,Anampses caeruleopunctatus,42,25,PEL,Resident
LABRIDAE,Anampses,chrysocephalus,Anampses chrysocephalus,17,29.5,PEL,Resident
LABRIDAE,Anampses,cuvier,Anampses cuvier,31,44.5,PEL,Resident
LABRIDAE,Anampses,twistii,Anampses twistii,18,28.8,PEL,Resident
LABRIDAE,Bodianus,axillaris,Bodianus axillaris,20,23.5,PEL,Resident
LABRIDAE,Bodianus,bilunulatus,Bodianus bilunulatus,55,66.8,PEL,Resident
LABRIDAE,Bodianus,diplotaenia,Bodianus diplotaenia,76,39.85,PEL,Resident
LABRIDAE,Bodianus,eclancheri,Bodianus eclancheri,60,32.3,PEL,Resident
LABRIDAE,Bodianus,mesothorax,Bodianus mesothorax,25,30.3,PEL,Resident
LABRIDAE,Bodianus,perditio,Bodianus perditio,80,59.6,PEL,Resident
LABRIDAE,Bodianus,rufus,Bodianus rufus,50,36.6,PEL,Resident
LABRIDAE,Bolbometopon,muricatum,Bolbometopon muricatum,130,31,PEL,Resident
LABRIDAE,Cheilinus,chlorourus,Cheilinus chlorourus,36,27.1,PEL,Resident
LABRIDAE,Cheilinus,fasciatus,Cheilinus fasciatus,36,25.7,PEL,Resident
LABRIDAE,Cheilinus,trilobatus,Cheilinus trilobatus,40,29.6,PEL,Resident
LABRIDAE,Cheilinus,undulatus,Cheilinus undulatus,229,34.3,PEL,Resident
LABRIDAE,Cheilio,inermis,Cheilio inermis,50,56.1,PEL,Resident
LABRIDAE,Choerodon,anchorago,Choerodon anchorago,38,19.3,PEL,Resident
LABRIDAE,Choerodon,fasciatus,Choerodon fasciatus,30,20,PEL,Resident
LABRIDAE,Choerodon,graphicus,Choerodon graphicus,46,27,PEL,Resident
LABRIDAE,Cirrhilabrus,cyanopleura,Cirrhilabrus cyanopleura,10,25.55,PEL,Resident
LABRIDAE,Cirrhilabrus,scottorum,Cirrhilabrus scottorum,13,27,PEL,Resident
LABRIDAE,Cirrhilabrus,temminkii,Cirrhilabrus temminkii,10,27.3,PEL,Resident
LABRIDAE,Clepticus,parrae,Clepticus parrae,30,38.5,PEL,Resident
LABRIDAE,Coris,aygula,Coris aygula,120,51.5,PEL,Resident
LABRIDAE,Coris,batuensis,Coris batuensis,17,27.55,PEL,Resident
LABRIDAE,Coris,flavovittata,Coris flavovittata,50.8,53,PEL,Resident
LABRIDAE,Coris,gaimard,Coris gaimard,40,45.76,PEL,Resident
LABRIDAE,Coris,picta,Coris picta,25,46.2,PEL,Resident
LABRIDAE,Coris,venusta,Coris venusta,19.3,46.1,PEL,Resident
LABRIDAE,Cymolutes,lecluse,Cymolutes lecluse,17.8,75.9,PEL,Resident
LABRIDAE,Cymolutes,praetextatus,Cymolutes praetextatus,20,71,PEL,Resident
LABRIDAE,Diproctacanthus,xanthurus,Diproctacanthus xanthurus,8,17.3,PEL,Resident
LABRIDAE,Doratonotus,megalepis,Doratonotus megalepis,9.4,21.9,PEL,Resident
LABRIDAE,Epibulus,insidiator,Epibulus insidiator,54,30.4,PEL,Resident
LABRIDAE,Gomphosus,varius,Gomphosus varius,30,56.6,PEL,Resident
LABRIDAE,Halichoeres,adustus,Halichoeres adustus,12.5,33,PEL,Resident
LABRIDAE,Halichoeres,argus,Halichoeres argus,12,25,PEL,Resident
LABRIDAE,Halichoeres,biocellatus,Halichoeres biocellatus,12,24.26,PEL,Resident
LABRIDAE,Halichoeres,bivittatus,Halichoeres bivittatus,22,22.3,PEL,Resident
LABRIDAE,Halichoeres,chierchiae,Halichoeres chierchiae,17.5,31.3,PEL,Resident
LABRIDAE,Halichoeres,chloropterus,Halichoeres chloropterus,19,21.1,PEL,Resident
LABRIDAE,Halichoeres,chrysus,Halichoeres chrysus,12,26.1,PEL,Resident
LABRIDAE,Halichoeres,discolor,Halichoeres discolor,15,32,PEL,Resident
LABRIDAE,Halichoeres,dispilus,Halichoeres dispilus,25,40.25,PEL,Resident
LABRIDAE,Halichoeres,garnoti,Halichoeres garnoti,30,24.9,PEL,Resident
LABRIDAE,Halichoeres,hortulanus,Halichoeres hortulanus,27,32.5,PEL,Resident
LABRIDAE,Halichoeres,insularis,Halichoeres insularis,7,35.5,PEL,Resident
LABRIDAE,Halichoeres,maculipinna,Halichoeres maculipinna,15,29.5,PEL,Resident
LABRIDAE,Halichoeres,margaritaceus,Halichoeres margaritaceus,12.5,21.7,PEL,Resident
LABRIDAE,Halichoeres,marginatus,Halichoeres marginatus,18,22.2,PEL,Resident
LABRIDAE,Halichoeres,melanotis,Halichoeres melanotis,15,35.7,PEL,Resident
LABRIDAE,Halichoeres,melanurus,Halichoeres melanurus,12,24.53,PEL,Resident
LABRIDAE,Halichoeres,nebulosus,Halichoeres nebulosus,12,23.9,PEL,Resident
LABRIDAE,Halichoeres,nicholsi,Halichoeres nicholsi,38,31.4,PEL,Resident
LABRIDAE,Halichoeres,notospilus,Halichoeres notospilus,25,37.7,PEL,Resident
LABRIDAE,Halichoeres,ornatissimus,Halichoeres ornatissimus,18,39.5,PEL,Resident
LABRIDAE,Halichoeres,pictus,Halichoeres pictus,13,24.9,PEL,Resident
LABRIDAE,Halichoeres,poeyi,Halichoeres poeyi,20,24.1,PEL,Resident
LABRIDAE,Halichoeres,prosopeion,Halichoeres prosopeion,13,21.2,PEL,Resident
LABRIDAE,Halichoeres,radiatus,Halichoeres radiatus,51,24.55,PEL,Resident
LABRIDAE,Halichoeres,richmondi,Halichoeres richmondi,19,20.8,PEL,Resident
LABRIDAE,Halichoeres,scapularis,Halichoeres scapularis,20,24.4,PEL,Resident
LABRIDAE,Halichoeres,semicintus,Halichoeres semicintus,38,29.9,PEL,Resident
LABRIDAE,Halichoeres,trimaculatus,Halichoeres trimaculatus,27,26.8,PEL,Resident
LABRIDAE,Hemigymnus,fasciatus,Hemigymnus fasciatus,80,25.8,PEL,Resident
LABRIDAE,Hemigymnus,melapterus,Hemigymnus melapterus,90,23.9,PEL,Resident
LABRIDAE,Iniistius,pavo,Iniistius pavo,41,60.16,PEL,Resident
LABRIDAE,Labrichthys,unilineatus,Labrichthys unilineatus,17.5,19.2,PEL,Resident
LABRIDAE,Labroides,bicolor,Labroides bicolor,15,24.25,PEL,Resident
LABRIDAE,Labroides,dimidiatus,Labroides dimidiatus,14,23.16,PEL,Resident
LABRIDAE,Labroides,pectoralis,Labroides pectoralis,11,26.8,PEL,Resident
LABRIDAE,Labroides,phthirophagus,Labroides phthirophagus,12,32.1,PEL,Resident
LABRIDAE,Labropsis,micronesica,Labropsis micronesica,12,22,PEL,Resident
LABRIDAE,Labropsis,xanthonota,Labropsis xanthonota,13,30.5,PEL,Resident
LABRIDAE,Macropharyngodon,geoffroy,Macropharyngodon geoffroy,15,32.3,PEL,Resident
LABRIDAE,Macropharyngodon,meleagris,Macropharyngodon meleagris,15,27.5,PEL,Resident
LABRIDAE,Macropharyngodon,negrosensis,Macropharyngodon negrosensis,12,25,PEL,Resident
LABRIDAE,Novaculichthys,macrolepidotus,Novaculichthys macrolepidotus,15,70.5,PEL,Resident
LABRIDAE,Novaculichthys,taeniourus,Novaculichthys taeniourus,30,55.1,PEL,Resident
LABRIDAE,Oxycheilinus,bimaculatus,Oxycheilinus bimaculatus,15,50.5,PEL,Resident
LABRIDAE,Oxycheilinus,digramma,Oxycheilinus digramma,30,26.1,PEL,Resident
LABRIDAE,Oxycheilinus,unifasciatus,Oxycheilinus unifasciatus,46,36.2,PEL,Resident
LABRIDAE,Pseudocheilinus,evanidus,Pseudocheilinus evanidus,8,42.5,PEL,Resident
LABRIDAE,Pseudocheilinus,hexataenia,Pseudocheilinus hexataenia,10,35,PEL,Resident
LABRIDAE,Pseudocheilinus,octotaenia,Pseudocheilinus octotaenia,14,41.6,PEL,Resident
LABRIDAE,Pseudocheilinus,tetrataenia,Pseudocheilinus tetrataenia,7.5,49.3,PEL,Resident
LABRIDAE,Pseudojuloides,cerasinus,Pseudojuloides cerasinus,12.3,42.4,PEL,Resident
LABRIDAE,Pteragogus,cryptus,Pteragogus cryptus,9.5,20.6,PEL,Resident
LABRIDAE,Pteragogus,flagellifer,Pteragogus flagellifer,20,23,PEL,Resident
LABRIDAE,Pteragogus,guttatus,Pteragogus guttatus,9,20.5,PEL,Resident
LABRIDAE,Scarus,coeruleus,Scarus coeruleus,120,24,PEL,Resident
LABRIDAE,Scarus,ghobban,Scarus ghobban,75,29.7,PEL,Resident
LABRIDAE,Scarus,iseri,Scarus iseri,27,28.4,PEL,Resident
LABRIDAE,Scarus,rivulatus,Scarus rivulatus,40,37,PEL,Resident
LABRIDAE,Scarus,schlegeli,Scarus schlegeli,38,30.4,PEL,Resident
LABRIDAE,Scarus,taeniopterus,Scarus taeniopterus,35,28.2,PEL,Resident
LABRIDAE,Semicossyphus,darwini,Semicossyphus darwini,70,37,PEL,Resident
LABRIDAE,Semicossyphus,pulcher,Semicossyphus pulcher,90,37.4,PEL,Resident
LABRIDAE,Sparisoma,atomarium,Sparisoma atomarium,15,18,PEL,Resident
LABRIDAE,Sparisoma,aurofrenatum,Sparisoma aurofrenatum,28,48.6,PEL,Resident
LABRIDAE,Sparisoma,viride,Sparisoma viride,64,48.3,PEL,Resident
LABRIDAE,Stethojulis,balteata,Stethojulis balteata,15,38.5,PEL,Resident
LABRIDAE,Stethojulis,bandanensis,Stethojulis bandanensis,15,30.7,PEL,Resident
LABRIDAE,Stethojulis,notialis,Stethojulis notialis,10,40.3,PEL,Resident
LABRIDAE,Stethojulis,strigiventer,Stethojulis strigiventer,15,23.4,PEL,Resident
LABRIDAE,Thalassoma,ballieui,Thalassoma ballieui,39.5,84,PEL,Resident
LABRIDAE,Thalassoma,bifasciatum,Thalassoma bifasciatum,15,48.2,PEL,Resident
LABRIDAE,Thalassoma,duperrey,Thalassoma duperrey,28,89.2,PEL,Resident
LABRIDAE,Thalassoma,grammaticum,Thalassoma grammaticum,32,61.8,PEL,Resident
LABRIDAE,Thalassoma,hardwicke,Thalassoma hardwicke,20,54.5,PEL,Resident
LABRIDAE,Thalassoma,jansenii,Thalassoma jansenii,20,63.3,PEL,Resident
LABRIDAE,Thalassoma,lucasanum,Thalassoma lucasanum,15,72.25,PEL,Resident
LABRIDAE,Thalassoma,lunare,Thalassoma lunare,45,50.12,PEL,Resident
LABRIDAE,Thalassoma,lutescens,Thalassoma lutescens,30,78,PEL,Resident
LABRIDAE,Thalassoma,purpureum,Thalassoma purpureum,46,57.7,PEL,Resident
LABRIDAE,Thalassoma,quinquevittatum,Thalassoma quinquevittatum,17,56.4,PEL,Resident
LABRIDAE,Thalassoma,robertsoni,Thalassoma robertsoni,7.8,58.6,PEL,Resident
LABRIDAE,Thalassoma,trilobatum,Thalassoma trilobatum,30,78.3,PEL,Resident
LABRIDAE,Thalassoma,virens,Thalassoma virens,30,68.8,PEL,Resident
LABRIDAE,Xyrichtys,martinicensis,Xyrichtys martinicensis,15,54.15,PEL,Resident
LABRIDAE,Xyrichtys,mundiceps,Xyrichtys mundiceps,14.5,59.2,PEL,Resident
LABRIDAE,Xyrichtys,novacula,Xyrichtys novacula,38,39,PEL,Resident
LABRIDAE,Xyrichtys,splendens,Xyrichtys splendens,17.5,72.1,PEL,Resident
LABRIDAE,Xyrichtys,victori,Xyrichtys victori,15,73.7,PEL,Resident
LABRIDAE,Xyrichtys,wellingtoni,Xyrichtys wellingtoni,7.2,68,PEL,Resident
LETHRINIDAE,Gnathodentex,aureolineatus,Gnathodentex aureolineatus,30,40,PEL,Resident
LETHRINIDAE,Lethrinus,atkinsoni,Lethrinus atkinsoni,40,26.6,PEL,Resident
LETHRINIDAE,Lethrinus,genivittatus,Lethrinus genivittatus,25,29.05,PEL,Resident
LETHRINIDAE,Lethrinus,ornatus,Lethrinus ornatus,40,26.6,PEL,Resident
LETHRINIDAE,Lethrinus,variegatus,Lethrinus variegatus,20,32,PEL,Resident
LUTJANIDAE,Hoplopagrus,guentherii,Hoplopagrus guentherii,92,21.5,PEL,Resident
LUTJANIDAE,Lutjanus,analis,Lutjanus analis,94,31,PEL,Resident
LUTJANIDAE,Lutjanus,apodus,Lutjanus apodus,67,32,PEL,Resident
LUTJANIDAE,Lutjanus,buccanella,Lutjanus buccanella,75,26,PEL,Resident
LUTJANIDAE,Lutjanus,carponotatus,Lutjanus carponotatus,40,35,PEL,Resident
LUTJANIDAE,Lutjanus,decussatus,Lutjanus decussatus,30,32.3,PEL,Resident
LUTJANIDAE,Lutjanus,fulviflamma,Lutjanus fulviflamma,35,23.26,PEL,Resident
LUTJANIDAE,Lutjanus,fulvus,Lutjanus fulvus,40,27.7,PEL,Resident
LUTJANIDAE,Lutjanus,guttatus,Lutjanus guttatus,80,24.15,PEL,Resident
LUTJANIDAE,Lutjanus,kasmira,Lutjanus kasmira,40,31,PEL,Resident
LUTJANIDAE,Lutjanus,sebae,Lutjanus sebae,100,40,PEL,Resident
LUTJANIDAE,Lutjanus,viridis,Lutjanus viridis,30,37.9,PEL,Resident
LUTJANIDAE,Lutjanus,vitta,Lutjanus vitta,40,31.3,PEL,Resident
LUTJANIDAE,Pristipomoides,filamentosus,Pristipomoides filamentosus,100,45,PEL,Resident
MONACANTHIDAE,Acreichthys,tomentosus,Acreichthys tomentosus,11.5,23.9,PEL,Resident
MONACANTHIDAE,Monacanthus,chinensis,Monacanthus chinensis,38,20,PEL,Resident
MONACANTHIDAE,Monacanthus,tuckeri,Monacanthus tuckeri,9,41.9,PEL,Resident
MONACANTHIDAE,Paraluteres,prionurus,Paraluteres prionurus,11,28,PEL,Resident
MULLIDAE,Parupeneus,barbarinoides,Parupeneus barbarinoides,25,42.3,PEL,Resident
MULLIDAE,Parupeneus,barberinus,Parupeneus barberinus,60,38.6,PEL,Resident
MULLIDAE,Parupeneus,indicus,Parupeneus indicus,35,33,PEL,Resident
MULLIDAE,Parupeneus,multifasciatus,Parupeneus multifasciatus,35,45,PEL,Resident
MULLIDAE,Parupeneus,pleurostigma,Parupeneus pleurostigma,33,50,PEL,Resident
MULLIDAE,Upeneus,tragula,Upeneus tragula,33,31.1,PEL,Resident
NEMIPTERIDAE,Scolopsis,bilineata,Scolopsis bilineata,25,25,PEL,Resident
NEMIPTERIDAE,Scolopsis,taenioptera,Scolopsis taenioptera,30,19,PEL,Resident
OSTRACIIDAE,Lactoria,cornuta,Lactoria cornuta,46,58,PEL,Resident
OSTRACIIDAE,Ostracion,cubicus,Ostracion cubicus,15,44.3,PEL,Resident
OSTRACIIDAE,Ostracion,meleagris,Ostracion meleagris,25,61.5,PEL,Resident
PINGUIPEDIDAE,Parapercis,australis,Parapercis australis,9.2,41.6,PEL,Resident
POMACANTHIDAE,Apolemichthys,trimaculatus,Apolemichthys trimaculatus,26,24.2,PEL,Resident
POMACANTHIDAE,Centropyge,acanthops,Centropyge acanthops,8,34,PEL,Resident
POMACANTHIDAE,Centropyge,argi,Centropyge argi,8,36.8,PEL,Resident
POMACANTHIDAE,Centropyge,bicolor,Centropyge bicolor,15,32,PEL,Resident
POMACANTHIDAE,Centropyge,bispinosa,Centropyge bispinosa,10,32,PEL,Resident
POMACANTHIDAE,Centropyge,eibli,Centropyge eibli,15,25.3,PEL,Resident
POMACANTHIDAE,Centropyge,ferrugata,Centropyge ferrugata,10,38,PEL,Resident
POMACANTHIDAE,Centropyge,fisheri,Centropyge fisheri,7.5,38.33,PEL,Resident
POMACANTHIDAE,Centropyge,flavissima,Centropyge flavissima,14,30.3,PEL,Resident
POMACANTHIDAE,Centropyge,heraldi,Centropyge heraldi,10,32,PEL,Resident
POMACANTHIDAE,Centropyge,interruptus,Centropyge interruptus,15,31.5,PEL,Resident
POMACANTHIDAE,Centropyge,loricula,Centropyge loricula,15,38,PEL,Resident
POMACANTHIDAE,Centropyge,multifasciata,Centropyge multifasciata,12,26.2,PEL,Resident
POMACANTHIDAE,Centropyge,nox,Centropyge nox,10,31.5,PEL,Resident
POMACANTHIDAE,Centropyge,potteri,Centropyge potteri,10,35.5,PEL,Resident
POMACANTHIDAE,Centropyge,tibicen,Centropyge tibicen,19,30,PEL,Resident
POMACANTHIDAE,Centropyge,venusta,Centropyge venusta,12,25,PEL,Resident
POMACANTHIDAE,Centropyge,vroliki,Centropyge vroliki,12,29,PEL,Resident
POMACANTHIDAE,Chaetodontoplus,duboulayi,Chaetodontoplus duboulayi,28,21.64,PEL,Resident
POMACANTHIDAE,Chaetodontoplus,melanosoma,Chaetodontoplus melanosoma,20,22.2,PEL,Resident
POMACANTHIDAE,Chaetodontoplus,mesoleucus,Chaetodontoplus mesoleucus,18,19.9,PEL,Resident
POMACANTHIDAE,Chaetodontoplus,personifer,Chaetodontoplus personifer,35,23.2,PEL,Resident
POMACANTHIDAE,Chaetodontoplus,septentrionalis,Chaetodontoplus septentrionalis,22,23,PEL,Resident
POMACANTHIDAE,Genicanthus,bellus,Genicanthus bellus,18,25,PEL,Resident
POMACANTHIDAE,Genicanthus,melanospilos,Genicanthus melanospilos,18,25,PEL,Resident
POMACANTHIDAE,Holacanthus,bermudensis,Holacanthus bermudensis,45,22.7,PEL,Resident
POMACANTHIDAE,Holacanthus,ciliaris,Holacanthus ciliaris,45,22.4,PEL,Resident
POMACANTHIDAE,Holacanthus,tricolor,Holacanthus tricolor,25,29.7,PEL,Resident
POMACANTHIDAE,Pomacanthus,annularis,Pomacanthus annularis,45,21,PEL,Resident
POMACANTHIDAE,Pomacanthus,arcuatus,Pomacanthus arcuatus,60,19.9,PEL,Resident
POMACANTHIDAE,Pomacanthus,imperator,Pomacanthus imperator,40,22,PEL,Resident
POMACANTHIDAE,Pomacanthus,navarchus,Pomacanthus navarchus,25,22.83,PEL,Resident
POMACANTHIDAE,Pomacanthus,paru,Pomacanthus paru,40,17.7,PEL,Resident
POMACANTHIDAE,Pomacanthus,semicirculatus,Pomacanthus semicirculatus,40,19.5,PEL,Resident
POMACANTHIDAE,Pomacanthus,sexstriatus,Pomacanthus sexstriatus,46,18,PEL,Resident
POMACANTHIDAE,Pomacanthus,xanthometopon,Pomacanthus xanthometopon,38,20.38,PEL,Resident
POMACANTHIDAE,Pygoplites,diacanthus,Pygoplites diacanthus,25,24.5,PEL,Resident
SERRANIDAE,Diplectrum,formosum,Diplectrum formosum,30,17.2,PEL,Resident
SERRANIDAE,Grammistes,sexlineatus,Grammistes sexlineatus,30,42,PEL,Resident
SERRANIDAE,Hypoplectrus,puella,Hypoplectrus puella,15,19.1,PEL,Resident
SERRANIDAE,Pseudanthias,pascalus,Pseudanthias pascalus,20,26,PEL,Resident
SERRANIDAE,Pseudogramma,polyacantha,Pseudogramma polyacantha,8.6,32.3,PEL,Resident
SERRANIDAE,Pseudogramma,xanthum,Pseudogramma xanthum,4.1,30.5,PEL,Resident
SERRANIDAE,Rypticus,saponaceus,Rypticus saponaceus,35,40,PEL,Resident
SERRANIDAE,Serranus,baldwini,Serranus baldwini,7.4,23.6,PEL,Resident
SERRANIDAE,Serranus,tigrinus,Serranus tigrinus,12.3,18.2,PEL,Resident
SIGANIDAE,Siganus,doliatus,Siganus doliatus,25,23.9,PEL,Resident
SIGANIDAE,Siganus,lineatus,Siganus lineatus,43,33,PEL,Resident
SIGANIDAE,Siganus,rivulatus,Siganus rivulatus,27,39,PEL,Resident
SIGANIDAE,Siganus,spinus,Siganus spinus,24,22,PEL,Resident
SIGANIDAE,Siganus,vermiculatus,Siganus vermiculatus,37,23,PEL,Resident
SIGANIDAE,Siganus,vulpinus,Siganus vulpinus,25,23.5,PEL,Resident
SPARIDAE,Acanthopagrus,latus,Acanthopagrus latus,50,33.7,PEL,Resident
SPARIDAE,Archosargus,rhomboidalis,Archosargus rhomboidalis,33,21,PEL,Resident
SPARIDAE,Boops,boops,Boops boops,36,16.7,PEL,Resident
SPARIDAE,Diplodus,puntazzo,Diplodus puntazzo,60,32.7,PEL,Resident
SPARIDAE,Oblada,melanura,Oblada melanura,34,16,PEL,Resident
SPARIDAE,Pagrus,pagrus,Pagrus pagrus,90,38,PEL,Resident
SPARIDAE,Sarpa,salpa,Sarpa salpa,51,31.5,PEL,Resident
SPARIDAE,Spondyliosoma,cantharus,Spondyliosoma cantharus,60,35.85,PEL,Resident
SYNODONTIDAE,Synodus,saurus,Synodus saurus,40,19,PEL,Resident
SYNODONTIDAE,Synodus,variegatus,Synodus variegatus,28,42,PEL,Resident
TETRAODONTIDAE,Arothron,hispidus,Arothron hispidus,48,40.8,PEL,Resident
TETRAODONTIDAE,Canthigaster,valentini,Canthigaster valentini,10,18,PEL,Resident
ZANCLIDAE,Zanclus,cornutus,Zanclus cornutus,23,57.9,PEL,Resident