,SciName,PLD,database,Family_aqua,Family_fishbase,Family_marshall,Family_manual,Note,References
1,Auxis rochei,16,Fish and Inverts (Ramesh),Scombridae,Scombridae,NA,Scombridae,,
2,Coregonus schinzii,29,Fish and Inverts (Ramesh),NA,NA,NA,Salmonidae,,
3,Sciaenops ocellatus,22,Fish and Inverts (Ramesh),Sciaenidae,Sciaenidae,NA,Sciaenidae,,
4,Scomber thazard,10,Fish and Inverts (Ramesh),NA,NA,NA,Scombridae,,
5,Anchoviella mauii,35,Fish and Inverts (Ramesh),NA,NA,NA,Engraulidae,,
6,Solea vulgaris vulgaris,35,Fish and Inverts (Ramesh),NA,NA,NA,Soleidae,,
7,Alosa pilchardus,40,Fish and Inverts (Ramesh),NA,NA,NA,Clupeidae,,
8,Sardina pilchardus,40,Fish and Inverts (Ramesh),Clupeidae,Clupeidae,NA,Clupeidae,,
9,Sardinella aurita,0,Fish and Inverts (Ramesh),Clupeidae,Clupeidae,NA,Clupeidae,,
10,Thunnus albacares,25,Fish and Inverts (Ramesh),Scombridae,Scombridae,NA,Scombridae,,
11,Thunnus albacares,25,Fish and Inverts (Ramesh),Scombridae,Scombridae,NA,Scombridae,,
12,Thunnus albacares,25,Fish and Inverts (Ramesh),Scombridae,Scombridae,NA,Scombridae,,
13,Coregonus artedii,26,Fish and Inverts (Ramesh),NA,NA,NA,Salmonidae,,
14,Clupea harengus membras,160,Fish and Inverts (Ramesh),NA,NA,NA,Clupeidae,,
15,Thunnus maccoyii,24,Fish and Inverts (Ramesh),Scombridae,Scombridae,NA,Scombridae,,
16,Auxis thazzard,10,Fish and Inverts (Ramesh),NA,NA,NA,Scombridae,,
17,Sparus aurata,50,Fish and Inverts (Ramesh),Sparidae,Sparidae,NA,Sparidae,,
18,Sardinella pinnula,0,Fish and Inverts (Ramesh),NA,NA,NA,Clupeidae,,
19,Chanos chanos,44,Fish and Inverts (Ramesh),Chanidae,Chanidae,NA,Chanidae,,
20,Chanos chanos,44,Fish and Inverts (Ramesh),Chanidae,Chanidae,NA,Chanidae,,
21,Chanos chanos,44,Fish and Inverts (Ramesh),Chanidae,Chanidae,NA,Chanidae,,
22,Chanos chanos,44,Fish and Inverts (Ramesh),Chanidae,Chanidae,NA,Chanidae,,
23,Gadus morhua,100,Fish and Inverts (Ramesh),Gadidae,Gadidae,NA,Gadidae,,
24,Gadus morhua,100,Fish and Inverts (Ramesh),Gadidae,Gadidae,NA,Gadidae,,
25,Gadus morhua,100,Fish and Inverts (Ramesh),Gadidae,Gadidae,NA,Gadidae,,
26,Gadus morhua,100,Fish and Inverts (Ramesh),Gadidae,Gadidae,NA,Gadidae,,
27,Trachurus symmetricus,0,Fish and Inverts (Ramesh),Carangidae,Carangidae,NA,Carangidae,,
28,Auxis vulgaris,16,Fish and Inverts (Ramesh),NA,NA,NA,Scombridae,,
29,Amblyglyphidodon curacao,13,Fish and Inverts (Ramesh),Pomacentridae,Pomacentridae,NA,Pomacentridae,,
30,Engraulis mordax,35,Fish and Inverts (Ramesh),Engraulidae,Engraulidae,NA,Engraulidae,,
31,Scophthalmus maximus,39,Fish and Inverts (Ramesh),Scophthalmidae,Scophthalmidae,NA,Scophthalmidae,,
32,Scophthalmus maximus,39,Fish and Inverts (Ramesh),Scophthalmidae,Scophthalmidae,NA,Scophthalmidae,,
33,Scophthalmus maximus,39,Fish and Inverts (Ramesh),Scophthalmidae,Scophthalmidae,NA,Scophthalmidae,,
34,Scophthalmus maximus,39,Fish and Inverts (Ramesh),Scophthalmidae,Scophthalmidae,NA,Scophthalmidae,,
35,Scophthalmus maximus,39,Fish and Inverts (Ramesh),Scophthalmidae,Scophthalmidae,NA,Scophthalmidae,,
36,Scophthalmus maximus,39,Fish and Inverts (Ramesh),Scophthalmidae,Scophthalmidae,NA,Scophthalmidae,,
37,Scophthalmus maximus,39,Fish and Inverts (Ramesh),Scophthalmidae,Scophthalmidae,NA,Scophthalmidae,,
38,Scophthalmus maximus,39,Fish and Inverts (Ramesh),Scophthalmidae,Scophthalmidae,NA,Scophthalmidae,,
39,Scophthalmus maximus,39,Fish and Inverts (Ramesh),Scophthalmidae,Scophthalmidae,NA,Scophthalmidae,,
40,Scophthalmus maximus,39,Fish and Inverts (Ramesh),Scophthalmidae,Scophthalmidae,NA,Scophthalmidae,,
41,Scophthalmus maximus,39,Fish and Inverts (Ramesh),Scophthalmidae,Scophthalmidae,NA,Scophthalmidae,,
42,Coregonus rondeletii,19,Fish and Inverts (Ramesh),NA,NA,NA,Salmonidae,,
43,Caranx symmetricus,0,Fish and Inverts (Ramesh),NA,NA,NA,Carangidae,,
44,Stolephorus zollingeri,47,Fish and Inverts (Ramesh),NA,NA,NA,Engraulidae,,
45,Archosargus rhomboidalis,21,Fish and Inverts (Ramesh),Sparidae,Sparidae,NA,Sparidae,,
46,Morone saxatilis,33,Fish and Inverts (Ramesh),Moronidae,Moronidae,NA,Moronidae,,
47,Salmo labradoricus,40,Fish and Inverts (Ramesh),NA,NA,NA,Salmonidae,,
48,Centropomus mullus,46,Fish and Inverts (Ramesh),NA,NA,NA,Centropomidae,,
49,Centropomus mullus,46,Fish and Inverts (Ramesh),NA,NA,NA,Centropomidae,,
50,Centropomus mullus,46,Fish and Inverts (Ramesh),NA,NA,NA,Centropomidae,,
51,Sparidentex hasta,0,Fish and Inverts (Ramesh),Sparidae,Sparidae,NA,Sparidae,,
52,Harengula jaguana,0,Fish and Inverts (Ramesh),Clupeidae,Clupeidae,NA,Clupeidae,,
53,Coregonus sapidissimus,40,Fish and Inverts (Ramesh),NA,NA,NA,Salmonidae,,
54,Dicentrarchus lupus,46,Fish and Inverts (Ramesh),NA,NA,NA,Moronidae,,
55,Dicentrarchus lupus,46,Fish and Inverts (Ramesh),NA,NA,NA,Moronidae,,
56,Dicentrarchus lupus,46,Fish and Inverts (Ramesh),NA,NA,NA,Moronidae,,
57,Scolopsis taeniopterus,19,Fish and Inverts (Ramesh),NA,NA,NA,Nemipteridae,,
58,Opisthonema oglinum,0,Fish and Inverts (Ramesh),Clupeidae,Clupeidae,NA,Clupeidae,,
59,Merluccius productus,88,Fish and Inverts (Ramesh),Merlucciidae,Merlucciidae,NA,Merlucciidae,,
60,Morone labrax,46,Fish and Inverts (Ramesh),NA,NA,NA,Moronidae,,
61,Morone labrax,46,Fish and Inverts (Ramesh),NA,NA,NA,Moronidae,,
62,Morone labrax,46,Fish and Inverts (Ramesh),NA,NA,NA,Moronidae,,
63,Alosa pseudoharengus,0,Fish and Inverts (Ramesh),Clupeidae,Clupeidae,NA,Clupeidae,,
64,Alosa pseudoharengus,0,Fish and Inverts (Ramesh),Clupeidae,Clupeidae,NA,Clupeidae,,
65,Alosa pseudoharengus,0,Fish and Inverts (Ramesh),Clupeidae,Clupeidae,NA,Clupeidae,,
66,Alosa pseudoharengus,0,Fish and Inverts (Ramesh),Clupeidae,Clupeidae,NA,Clupeidae,,
67,Alosa pseudoharengus,0,Fish and Inverts (Ramesh),Clupeidae,Clupeidae,NA,Clupeidae,,
68,Alosa pseudoharengus,0,Fish and Inverts (Ramesh),Clupeidae,Clupeidae,NA,Clupeidae,,
69,Alosa pseudoharengus,0,Fish and Inverts (Ramesh),Clupeidae,Clupeidae,NA,Clupeidae,,
70,Pleuronectes platessa,100,Fish and Inverts (Ramesh),Pleuronectidae,Pleuronectidae,NA,Pleuronectidae,,
71,Engraulis japonicus,47,Fish and Inverts (Ramesh),Engraulidae,Engraulidae,NA,Engraulidae,,
72,Salmo tullibee,26,Fish and Inverts (Ramesh),NA,NA,NA,Salmonidae,,
73,Solea solea,35,Fish and Inverts (Ramesh),Soleidae,Soleidae,NA,Soleidae,,
74,Scomber rochei,16,Fish and Inverts (Ramesh),NA,NA,NA,Scombridae,,
75,Dicentrarchus labrax,46,Fish and Inverts (Ramesh),Moronidae,Moronidae,NA,Moronidae,,
76,Dicentrarchus labrax,46,Fish and Inverts (Ramesh),Moronidae,Moronidae,NA,Moronidae,,
77,Dicentrarchus labrax,46,Fish and Inverts (Ramesh),Moronidae,Moronidae,NA,Moronidae,,
78,Stolephorus tapirulus,74,Fish and Inverts (Ramesh),NA,NA,NA,Engraulidae,,
79,Alosa musica,44,Fish and Inverts (Ramesh),NA,NA,NA,Clupeidae,,
80,Alosa musica,44,Fish and Inverts (Ramesh),NA,NA,NA,Clupeidae,,
81,Alosa musica,44,Fish and Inverts (Ramesh),NA,NA,NA,Clupeidae,,
82,Alosa musica,44,Fish and Inverts (Ramesh),NA,NA,NA,Clupeidae,,
83,Theragra chalcogramma,108,Fish and Inverts (Ramesh),Gadidae,NA,NA,Gadidae,,
84,Katsuwonus pelamis,20,Fish and Inverts (Ramesh),Scombridae,Scombridae,NA,Scombridae,,
85,Dentex hasta,0,Fish and Inverts (Ramesh),NA,NA,NA,Sparidae,,
86,Semicossyphus pulcher,52,Fish and Inverts (Ramesh),Labridae,Labridae,NA,Labridae,,
87,Pagrus major,47,Fish and Inverts (Ramesh),Sparidae,Sparidae,NA,Sparidae,,
88,Mugil salmoneus,44,Fish and Inverts (Ramesh),NA,NA,NA,Mugilidae,,
89,Mugil salmoneus,44,Fish and Inverts (Ramesh),NA,NA,NA,Mugilidae,,
90,Mugil salmoneus,44,Fish and Inverts (Ramesh),NA,NA,NA,Mugilidae,,
91,Mugil salmoneus,44,Fish and Inverts (Ramesh),NA,NA,NA,Mugilidae,,
92,Auxis thazard,10,Fish and Inverts (Ramesh),Scombridae,Scombridae,NA,Scombridae,,
93,Sardinops sagax,44,Fish and Inverts (Ramesh),Clupeidae,Clupeidae,NA,Clupeidae,,
94,Sardinops sagax,44,Fish and Inverts (Ramesh),Clupeidae,Clupeidae,NA,Clupeidae,,
95,Sardinops sagax,44,Fish and Inverts (Ramesh),Clupeidae,Clupeidae,NA,Clupeidae,,
96,Sardinops sagax,44,Fish and Inverts (Ramesh),Clupeidae,Clupeidae,NA,Clupeidae,,
97,Mallotus villosus,150,Fish and Inverts (Ramesh),Osmeridae,Osmeridae,NA,Osmeridae,,
98,Scomber scombrus,40,Fish and Inverts (Ramesh),Scombridae,Scombridae,NA,Scombridae,,
99,Scomber scombrus,40,Fish and Inverts (Ramesh),Scombridae,Scombridae,NA,Scombridae,,
100,Scomber scombrus,40,Fish and Inverts (Ramesh),Scombridae,Scombridae,NA,Scombridae,,
101,Scomber scombrus,40,Fish and Inverts (Ramesh),Scombridae,Scombridae,NA,Scombridae,,
102,Scomberomorus cavalla,12,Fish and Inverts (Ramesh),Scombridae,Scombridae,NA,Scombridae,,
103,Lutjanus triangulum,22,Fish and Inverts (Ramesh),NA,NA,NA,Lutjanidae,,
104,Micromesistius poutassou,0,Fish and Inverts (Ramesh),Gadidae,Gadidae,NA,Gadidae,,
105,Micromesistius poutassou,0,Fish and Inverts (Ramesh),Gadidae,Gadidae,NA,Gadidae,,
106,Scomber thynnus,28,Fish and Inverts (Ramesh),NA,NA,NA,Scombridae,,
107,Scomber maculatus,9,Fish and Inverts (Ramesh),NA,NA,NA,Scombridae,,
108,Scomber maculatus,9,Fish and Inverts (Ramesh),NA,NA,NA,Scombridae,,
109,Scomber maculatus,9,Fish and Inverts (Ramesh),NA,NA,NA,Scombridae,,
110,Decapterus polyaspis,0,Fish and Inverts (Ramesh),NA,NA,NA,Carangidae,,
111,Coregonus brevis,28,Fish and Inverts (Ramesh),NA,NA,NA,Salmonidae,,
112,Clupea harengus,160,Fish and Inverts (Ramesh),Clupeidae,Clupeidae,NA,Clupeidae,,
113,Trachurus symmetricus symmetricus,0,Fish and Inverts (Ramesh),NA,NA,NA,Carangidae,,
114,Morone rufa,85,Fish and Inverts (Ramesh),NA,NA,NA,Moronidae,,
115,Coregonus albula,28,Fish and Inverts (Ramesh),Salmonidae,Salmonidae,NA,Salmonidae,,
116,Scomber vulgaris,40,Fish and Inverts (Ramesh),NA,NA,NA,Scombridae,,
117,Scomber vulgaris,40,Fish and Inverts (Ramesh),NA,NA,NA,Scombridae,,
118,Scomber vulgaris,40,Fish and Inverts (Ramesh),NA,NA,NA,Scombridae,,
119,Scomber vulgaris,40,Fish and Inverts (Ramesh),NA,NA,NA,Scombridae,,
120,Scomber sloanei,25,Fish and Inverts (Ramesh),NA,NA,NA,Scombridae,,
121,Scomber sloanei,25,Fish and Inverts (Ramesh),NA,NA,NA,Scombridae,,
122,Scomber sloanei,25,Fish and Inverts (Ramesh),NA,NA,NA,Scombridae,,
123,Coregonus lavaretus,19,Fish and Inverts (Ramesh),Salmonidae,Salmonidae,NA,Salmonidae,,
124,Salmo socialis,150,Fish and Inverts (Ramesh),NA,NA,NA,Salmonidae,,
125,Oreochromis mossambicus,0,Fish and Inverts (Ramesh),NA,Cichlidae,NA,Cichlidae,,
126,Thunnus zacalles,25,Fish and Inverts (Ramesh),NA,NA,NA,Scombridae,,
127,Thunnus zacalles,25,Fish and Inverts (Ramesh),NA,NA,NA,Scombridae,,
128,Thunnus zacalles,25,Fish and Inverts (Ramesh),NA,NA,NA,Scombridae,,
129,Alosa teres,0,Fish and Inverts (Ramesh),NA,NA,NA,Clupeidae,,
130,Alosa teres,0,Fish and Inverts (Ramesh),NA,NA,NA,Clupeidae,,
131,Alosa teres,0,Fish and Inverts (Ramesh),NA,NA,NA,Clupeidae,,
132,Alosa teres,0,Fish and Inverts (Ramesh),NA,NA,NA,Clupeidae,,
133,Centropomus sandat,0,Fish and Inverts (Ramesh),NA,NA,NA,Centropomidae,,
134,Salmo lavaretus,19,Fish and Inverts (Ramesh),NA,NA,NA,Salmonidae,,
135,Thunnus rocheanus,16,Fish and Inverts (Ramesh),NA,NA,NA,Scombridae,,
136,Pseudopleuronectes americanus,87,Fish and Inverts (Ramesh),Pleuronectidae,Pleuronectidae,NA,Pleuronectidae,,
137,Menidia menidia,35,Fish and Inverts (Ramesh),Atherinopsidae,Atherinopsidae,NA,Atherinopsidae,,
138,Harengula pensacolae,0,Fish and Inverts (Ramesh),NA,NA,NA,Clupeidae,,
139,Abudefduf melanopselion,18,Fish and Inverts (Ramesh),NA,NA,NA,Pomacentridae,,
140,Dorosoma notata,0,Fish and Inverts (Ramesh),NA,NA,NA,Clupeidae,,
141,Dorosoma notata,0,Fish and Inverts (Ramesh),NA,NA,NA,Clupeidae,,
142,Cynoscion nebulosus,19,Fish and Inverts (Ramesh),Sciaenidae,Sciaenidae,NA,Sciaenidae,,
143,Labroides dimidiatus,26,Fish and Inverts (Ramesh),Labridae,Labridae,NA,Labridae,,
144,Scomber scombrus japonicus,17,Fish and Inverts (Ramesh),NA,NA,NA,Scombridae,,
145,Scomber scombrus japonicus,17,Fish and Inverts (Ramesh),NA,NA,NA,Scombridae,,
146,Etrumeus sadina,0,Fish and Inverts (Ramesh),Dussumieriidae,Dussumieriidae,NA,Dussumieriidae,,
147,Etrumeus sadina,0,Fish and Inverts (Ramesh),Dussumieriidae,Dussumieriidae,NA,Dussumieriidae,,
148,Etrumeus sadina,0,Fish and Inverts (Ramesh),Dussumieriidae,Dussumieriidae,NA,Dussumieriidae,,
149,Etrumeus sadina,0,Fish and Inverts (Ramesh),Dussumieriidae,Dussumieriidae,NA,Dussumieriidae,,
150,Morone flavescens,36,Fish and Inverts (Ramesh),NA,NA,NA,Moronidae,,
151,Morone saxitilis,33,Fish and Inverts (Ramesh),NA,NA,NA,Moronidae,,
152,Achirus lineatus,23,Fish and Inverts (Ramesh),Achiridae,Achiridae,NA,Achiridae,,
153,Scomberomorus maculatus,9,Fish and Inverts (Ramesh),Scombridae,Scombridae,NA,Scombridae,,
154,Scomberomorus maculatus,9,Fish and Inverts (Ramesh),Scombridae,Scombridae,NA,Scombridae,,
155,Scomberomorus maculatus,9,Fish and Inverts (Ramesh),Scombridae,Scombridae,NA,Scombridae,,
156,Coregonus hoyi,24,Fish and Inverts (Ramesh),NA,Salmonidae,NA,Salmonidae,,
157,Engraulis ringens,74,Fish and Inverts (Ramesh),Engraulidae,Engraulidae,NA,Engraulidae,,
158,Engraulis encrasicolus,37,Fish and Inverts (Ramesh),Engraulidae,Engraulidae,NA,Engraulidae,,
159,Dorosoma cepedianum,0,Fish and Inverts (Ramesh),Clupeidae,Clupeidae,NA,Clupeidae,,
160,Dorosoma cepedianum,0,Fish and Inverts (Ramesh),Clupeidae,Clupeidae,NA,Clupeidae,,
161,Anchoviella guineensis,37,Fish and Inverts (Ramesh),NA,NA,NA,Engraulidae,,
162,Alosa sapidissima,0,Fish and Inverts (Ramesh),Clupeidae,Clupeidae,NA,Clupeidae,,
163,Alosa sapidissima,0,Fish and Inverts (Ramesh),Clupeidae,Clupeidae,NA,Clupeidae,,
164,Alosa sapidissima,0,Fish and Inverts (Ramesh),Clupeidae,Clupeidae,NA,Clupeidae,,
165,Alosa sapidissima,0,Fish and Inverts (Ramesh),Clupeidae,Clupeidae,NA,Clupeidae,,
166,Alosa sapidissima,0,Fish and Inverts (Ramesh),Clupeidae,Clupeidae,NA,Clupeidae,,
167,Alosa sapidissima,0,Fish and Inverts (Ramesh),Clupeidae,Clupeidae,NA,Clupeidae,,
168,Alosa sapidissima,0,Fish and Inverts (Ramesh),Clupeidae,Clupeidae,NA,Clupeidae,,
169,Anchoa mitchilli,32,Fish and Inverts (Ramesh),Engraulidae,Engraulidae,NA,Engraulidae,,
170,Thunnus thynnus maccoyii,24,Fish and Inverts (Ramesh),NA,NA,NA,Scombridae,,
171,Cheilodipterus quinquelineatus,23,Fish and Inverts (Ramesh),Apogonidae,Apogonidae,NA,Apogonidae,,
172,Scomber pelamys,20,Fish and Inverts (Ramesh),NA,NA,NA,Scombridae,,
173,Melanogrammus aeglefinus,127,Fish and Inverts (Ramesh),Gadidae,Gadidae,NA,Gadidae,,
174,Melanogrammus aeglefinus,127,Fish and Inverts (Ramesh),Gadidae,Gadidae,NA,Gadidae,,
175,Thunnus thynnus,28,Fish and Inverts (Ramesh),Scombridae,Scombridae,NA,Scombridae,,
176,Ammodytes americanus,159,Fish and Inverts (Ramesh),Ammodytidae,Ammodytidae,NA,Ammodytidae,,
177,Paralichthys dentatus,99,Fish and Inverts (Ramesh),Paralichthyidae,Paralichthyidae,NA,Paralichthyidae,,
178,Paralichthys dentatus,99,Fish and Inverts (Ramesh),Paralichthyidae,Paralichthyidae,NA,Paralichthyidae,,
179,Paralichthys dentatus,99,Fish and Inverts (Ramesh),Paralichthyidae,Paralichthyidae,NA,Paralichthyidae,,
180,Scomber quadripunctatus,24,Fish and Inverts (Ramesh),NA,NA,NA,Scombridae,,
181,Salmo vimba,28,Fish and Inverts (Ramesh),NA,NA,NA,Salmonidae,,
182,Morone americana,85,Fish and Inverts (Ramesh),Moronidae,Moronidae,NA,Moronidae,,
183,Abudefduf curacao,13,Fish and Inverts (Ramesh),NA,NA,NA,Pomacentridae,,
184,Sardinops caeruleus,44,Fish and Inverts (Ramesh),NA,NA,NA,Clupeidae,,
185,Sardinops caeruleus,44,Fish and Inverts (Ramesh),NA,NA,NA,Clupeidae,,
186,Sardinops caeruleus,44,Fish and Inverts (Ramesh),NA,NA,NA,Clupeidae,,
187,Sardinops caeruleus,44,Fish and Inverts (Ramesh),NA,NA,NA,Clupeidae,,
188,Scomber japonicus,17,Fish and Inverts (Ramesh),Scombridae,Scombridae,NA,Scombridae,,
189,Scomber japonicus,17,Fish and Inverts (Ramesh),Scombridae,Scombridae,NA,Scombridae,,
190,Thunnus vulgaris,28,Fish and Inverts (Ramesh),NA,NA,NA,Scombridae,,
191,Anchoviella tapirulus,74,Fish and Inverts (Ramesh),NA,NA,NA,Engraulidae,,
192,Euthynnus alletteratus,24,Fish and Inverts (Ramesh),Scombridae,Scombridae,NA,Scombridae,,
193,Callichirus islagrande,14,Fish and Inverts (Ramesh),NA,NA,NA,Callichiridae,,
194,Hemigrapsus oregonensis,24.5,Fish and Inverts (Ramesh),NA,NA,NA,Varunidae,,
195,Lepidophthalmus louisianensis,3,Fish and Inverts (Ramesh),NA,NA,NA,Callichiridae,,
196,Pachygrapsus crassipes,88,Fish and Inverts (Ramesh),NA,NA,NA,Grapsidae,,
197,Pandalus borealis,105,Fish and Inverts (Ramesh),Pandalidae,NA,NA,Pandalidae,,
198,Penaeus monodon,14,Fish and Inverts (Ramesh),Penaeidae,NA,NA,Penaeidae,,
199,Penaeus monodon,14,Fish and Inverts (Ramesh),Penaeidae,NA,NA,Penaeidae,,
200,Synalpheus pectiniger,3,Fish and Inverts (Ramesh),NA,NA,NA,Alpheidae,,
201,Abudefduf saxatilis,23,Fish and Inverts (Ramesh),Pomacentridae,Pomacentridae,NA,Pomacentridae,,
202,Acanthochromis polyacanthus,0,Fish and Inverts (Ramesh),Pomacentridae,Pomacentridae,NA,Pomacentridae,,
203,Acanthochromis polyacanthus,0,Fish and Inverts (Ramesh),Pomacentridae,Pomacentridae,NA,Pomacentridae,,
204,Acanthurus chirurgus,55.2,Fish and Inverts (Ramesh),Acanthuridae,Acanthuridae,NA,Acanthuridae,,
205,Acanthurus triostegus,60,Fish and Inverts (Ramesh),Acanthuridae,Acanthuridae,NA,Acanthuridae,,
206,Acanthurus triostegus,60,Fish and Inverts (Ramesh),Acanthuridae,Acanthuridae,NA,Acanthuridae,,
207,Acanthurus triostegus,65,Fish and Inverts (Ramesh),Acanthuridae,Acanthuridae,NA,Acanthuridae,,
208,Alloclinus holderi,60,Fish and Inverts (Ramesh),NA,Labrisomidae,NA,Labrisomidae,,
209,Amphiprion clarkii,11.5,Fish and Inverts (Ramesh),Pomacentridae,Pomacentridae,NA,Pomacentridae,,
210,Amphiprion melanopus,18.5,Fish and Inverts (Ramesh),Pomacentridae,Pomacentridae,NA,Pomacentridae,,
211,Arnoglossus thori,31.4,Fish and Inverts (Ramesh),Bothidae,Bothidae,NA,Bothidae,,
212,Atherina hepsetus,83,Fish and Inverts (Ramesh),Atherinidae,Atherinidae,NA,Atherinidae,,
213,Axoclinus nigricaudus,18,Fish and Inverts (Ramesh),Tripterygiidae,Tripterygiidae,NA,Tripterygiidae,,
214,Balistes vetula,75,Fish and Inverts (Ramesh),Balistidae,Balistidae,NA,Balistidae,,
215,Bathygobius soporator,30,Fish and Inverts (Ramesh),Gobiidae,Gobiidae,NA,Gobiidae,,
216,Boops boops,16.9,Fish and Inverts (Ramesh),Sparidae,Sparidae,NA,Sparidae,,
217,Bothus podas,33.7,Fish and Inverts (Ramesh),Bothidae,Bothidae,NA,Bothidae,,
218,Caesio cuning,45,Fish and Inverts (Ramesh),Caesionidae,Caesionidae,NA,Caesionidae,,
219,Chaetodon citrinellus,45,Fish and Inverts (Ramesh),Chaetodontidae,Chaetodontidae,NA,Chaetodontidae,,
220,Chaetodon quadrimaculatus,45,Fish and Inverts (Ramesh),Chaetodontidae,Chaetodontidae,NA,Chaetodontidae,,
221,Chanos chanos,21,Fish and Inverts (Ramesh),Chanidae,Chanidae,NA,Chanidae,,
222,Chelidonichthys spinosus,19,Fish and Inverts (Ramesh),Triglidae,Triglidae,NA,Triglidae,,
223,Chionodraco hamatus,547,Fish and Inverts (Ramesh),Channichthyidae,Channichthyidae,NA,Channichthyidae,,
224,Chromis atripectoralis,21,Fish and Inverts (Ramesh),Pomacentridae,Pomacentridae,NA,Pomacentridae,,
225,Chromis punctipinnis,35,Fish and Inverts (Ramesh),Pomacentridae,Pomacentridae,NA,Pomacentridae,,
226,Chromis xanthura,25,Fish and Inverts (Ramesh),Pomacentridae,Pomacentridae,NA,Pomacentridae,,
227,Chrysiptera glauca,25,Fish and Inverts (Ramesh),Pomacentridae,Pomacentridae,NA,Pomacentridae,,
228,Clevelandia ios,21,Fish and Inverts (Ramesh),Gobiidae,Gobiidae,NA,Gobiidae,,
229,Clinocottus analis,42,Fish and Inverts (Ramesh),Cottidae,Cottidae,NA,Cottidae,,
230,Coris julis,35,Fish and Inverts (Ramesh),Labridae,Labridae,NA,Labridae,,
231,Ctenolabrus rupestris,20.9,Fish and Inverts (Ramesh),Labridae,Labridae,NA,Labridae,,
232,Cynoscion nebulosus,20,Fish and Inverts (Ramesh),Sciaenidae,Sciaenidae,NA,Sciaenidae,,
233,Dascyllus aruanus,23,Fish and Inverts (Ramesh),Pomacentridae,Pomacentridae,NA,Pomacentridae,,
234,Dascyllus aruanus,25,Fish and Inverts (Ramesh),Pomacentridae,Pomacentridae,NA,Pomacentridae,,
235,Dascyllus trimaculatus,23,Fish and Inverts (Ramesh),Pomacentridae,Pomacentridae,NA,Pomacentridae,,
236,Didogobius schlieweni,26,Fish and Inverts (Ramesh),NA,Gobiidae,NA,Gobiidae,,
237,Dissostichus mawsoni,547,Fish and Inverts (Ramesh),Nototheniidae,Nototheniidae,NA,Nototheniidae,,
238,Elacatinus evelynae,22.3,Fish and Inverts (Ramesh),Gobiidae,Gobiidae,NA,Gobiidae,,
239,Embiotoca jacksoni,0,Fish and Inverts (Ramesh),Embiotocidae,Embiotocidae,NA,Embiotocidae,,
240,Engraulis mordax,30,Fish and Inverts (Ramesh),Engraulidae,Engraulidae,NA,Engraulidae,,
241,Epinephelus merra,39,Fish and Inverts (Ramesh),Serranidae,Serranidae,NA,Serranidae,,
242,Epinephelus morio,40,Fish and Inverts (Ramesh),Serranidae,Serranidae,NA,Serranidae,,
243,Epinephelus morio,40,Fish and Inverts (Ramesh),Serranidae,Serranidae,NA,Serranidae,,
244,Eucyclogobius newberryi,16.5,Fish and Inverts (Ramesh),NA,Gobiidae,NA,Gobiidae,,
245,Eupomacentrus partitus,28,Fish and Inverts (Ramesh),NA,NA,NA,Pomacentridae,,
246,Forcipiger flavissimus,45,Fish and Inverts (Ramesh),Chaetodontidae,Chaetodontidae,NA,Chaetodontidae,,
247,Gaidropsarus mediterraneus,43,Fish and Inverts (Ramesh),Lotidae,Gaidropsaridae,NA,Lotidae,,
248,Gasterosteus aculeatus,35,Fish and Inverts (Ramesh),Gasterosteidae,Gasterosteidae,NA,Gasterosteidae,,
249,Girella nigricans,60,Fish and Inverts (Ramesh),Kyphosidae,Girellidae,NA,Kyphosidae,,
250,Gnatholepis thompsoni,81.5,Fish and Inverts (Ramesh),Gobiidae,Gobiidae,NA,Gobiidae,,
251,Gobionotothen gibberifrons,120,Fish and Inverts (Ramesh),Nototheniidae,Nototheniidae,NA,Nototheniidae,,
252,Haemulon flavolineatum,15,Fish and Inverts (Ramesh),Haemulidae,Haemulidae,NA,Haemulidae,,
253,Haemulon flavolineatum,15,Fish and Inverts (Ramesh),Haemulidae,Haemulidae,NA,Haemulidae,,
254,Halichoeres bivittatus,24.1,Fish and Inverts (Ramesh),Labridae,Labridae,NA,Labridae,,
255,Halichoeres bivittatus,24.2,Fish and Inverts (Ramesh),Labridae,Labridae,NA,Labridae,,
256,Halichoeres maculipinna,29,Fish and Inverts (Ramesh),Labridae,Labridae,NA,Labridae,,
257,Halichoeres poey,25,Fish and Inverts (Ramesh),NA,NA,NA,Labridae,,
258,Halichoeres radiatus,26,Fish and Inverts (Ramesh),Labridae,Labridae,NA,Labridae,,
259,Hippocampus NA,18.5,Fish and Inverts (Ramesh),NA,NA,NA,NA,,
260,Holocentrus ascensionis,48.7,Fish and Inverts (Ramesh),NA,NA,NA,Holocentridae,,
261,Holocentrus ascensionis,71,Fish and Inverts (Ramesh),NA,NA,NA,Holocentridae,,
262,Lachnolaimus maximus,26,Fish and Inverts (Ramesh),Labridae,Labridae,NA,Labridae,,
263,Lethrinus obsoletus,14,Fish and Inverts (Ramesh),Lethrinidae,Lethrinidae,NA,Lethrinidae,,
264,Lutjanus erythropterus,21,Fish and Inverts (Ramesh),Lutjanidae,Lutjanidae,NA,Lutjanidae,,
265,Lythrypnus dalli,70,Fish and Inverts (Ramesh),Gobiidae,Gobiidae,NA,Gobiidae,,
266,Malacoctenus hubbsi,24,Fish and Inverts (Ramesh),Labrisomidae,Labrisomidae,NA,Labrisomidae,,
267,Medialuna californiensis,90,Fish and Inverts (Ramesh),Kyphosidae,Scorpididae,NA,Kyphosidae,,
268,Mullus surmuletus,30.1,Fish and Inverts (Ramesh),Mullidae,Mullidae,NA,Mullidae,,
269,Mycteroperca NA,42,Fish and Inverts (Ramesh),NA,NA,NA,NA,,
270,Myripristis berndti,55,Fish and Inverts (Ramesh),Holocentridae,Holocentridae,NA,Holocentridae,,
271,Myripristis jacobus,58,Fish and Inverts (Ramesh),Holocentridae,Holocentridae,NA,Holocentridae,,
272,Naso vlamingii,90,Fish and Inverts (Ramesh),Acanthuridae,Acanthuridae,NA,Acanthuridae,,
273,Ocyurus NA,34.5,Fish and Inverts (Ramesh),NA,NA,NA,NA,,
274,Ophioblennius atlanticus,28.6,Fish and Inverts (Ramesh),NA,Blenniidae,NA,Blenniidae,,
275,Ophioblennius steindachneri,50,Fish and Inverts (Ramesh),Blenniidae,Blenniidae,NA,Blenniidae,,
276,Ostorhinchus doederleini,21,Fish and Inverts (Ramesh),Apogonidae,Apogonidae,NA,Apogonidae,,
277,Pagellus NA,43.9,Fish and Inverts (Ramesh),NA,NA,NA,NA,,
278,Paralabrax clathratus,24,Fish and Inverts (Ramesh),Serranidae,Serranidae,NA,Serranidae,,
279,Parupeneus barberinus,7,Fish and Inverts (Ramesh),Mullidae,Mullidae,NA,Mullidae,,
280,Plectroglyphydodon dickii,25,Fish and Inverts (Ramesh),NA,NA,NA,Pomacentridae,,
281,Pomacentrus coelestis,19,Fish and Inverts (Ramesh),Pomacentridae,Pomacentridae,NA,Pomacentridae,,
282,Pomacentrus pavo,25,Fish and Inverts (Ramesh),Pomacentridae,Pomacentridae,NA,Pomacentridae,,
283,Pomatoschistus minutus,35,Fish and Inverts (Ramesh),Gobiidae,Gobiidae,NA,Gobiidae,,
284,Pterapogon kauderni,0,Fish and Inverts (Ramesh),NA,Apogonidae,NA,Apogonidae,,
285,Pterocaesio chrysozona,42,Fish and Inverts (Ramesh),Caesionidae,Caesionidae,NA,Caesionidae,,
286,Rhinecanthus aculeatus,73,Fish and Inverts (Ramesh),Balistidae,Balistidae,NA,Balistidae,,
287,Sarpa salpa,31.7,Fish and Inverts (Ramesh),Sparidae,Sparidae,NA,Sparidae,,
288,Sciaena umbra,22.5,Fish and Inverts (Ramesh),Sciaenidae,Sciaenidae,NA,Sciaenidae,,
289,Scorpaena NA,27,Fish and Inverts (Ramesh),NA,NA,NA,NA,,
290,Sebastes atrovirens,75,Fish and Inverts (Ramesh),Sebastidae,Sebastidae,NA,Sebastidae,,
291,Sebastes auriculatus,90,Fish and Inverts (Ramesh),Sebastidae,Sebastidae,NA,Sebastidae,,
292,Sebastes caurinus,75,Fish and Inverts (Ramesh),Sebastidae,Sebastidae,NA,Sebastidae,,
293,Sebastes crameri,90,Fish and Inverts (Ramesh),Sebastidae,Sebastidae,NA,Sebastidae,,
294,Sebastes rastrelliger,60,Fish and Inverts (Ramesh),Sebastidae,Sebastidae,NA,Sebastidae,,
295,Semicossyphus pulcher,53,Fish and Inverts (Ramesh),Labridae,Labridae,NA,Labridae,,
296,Serranus NA,37.5,Fish and Inverts (Ramesh),NA,NA,NA,NA,,
297,Siganus luridus,14,Fish and Inverts (Ramesh),Siganidae,Siganidae,NA,Siganidae,,
298,Sparisoma viride,57,Fish and Inverts (Ramesh),Scaridae,Scaridae,NA,Scaridae,,
299,Spondyliosoma cantharus,33.7,Fish and Inverts (Ramesh),Sparidae,Sparidae,NA,Sparidae,,
300,Stegastes fasciolatus,34.5,Fish and Inverts (Ramesh),Pomacentridae,Pomacentridae,NA,Pomacentridae,,
301,Stegastes leucostictus,24.5,Fish and Inverts (Ramesh),Pomacentridae,Pomacentridae,NA,Pomacentridae,,
302,Stegastes nigricans,24,Fish and Inverts (Ramesh),Pomacentridae,Pomacentridae,NA,Pomacentridae,,
303,Stegastes nigricans,24,Fish and Inverts (Ramesh),Pomacentridae,Pomacentridae,NA,Pomacentridae,,
304,Thalassoma bifasciatum,45,Fish and Inverts (Ramesh),Labridae,Labridae,NA,Labridae,,
305,Thalassoma bifasciatum,49.3,Fish and Inverts (Ramesh),Labridae,Labridae,NA,Labridae,,
306,Trachinus draco,12.9,Fish and Inverts (Ramesh),Trachinidae,Trachinidae,NA,Trachinidae,,
307,Trigla lucerna,19.1,Fish and Inverts (Ramesh),NA,NA,NA,Triglidae,,
308,Mustelus NA,0,Fish and Inverts (Ramesh),NA,NA,NA,NA,,
309,Sphyrna NA,0,Fish and Inverts (Ramesh),NA,NA,NA,NA,,
310,Carcharhinus NA,0,Fish and Inverts (Ramesh),NA,NA,NA,NA,,
311,Acanthaster planci,21,Fish and Inverts (Ramesh),Acanthasteridae,NA,Acanthasteridae,Acanthasteridae,,
312,Luidia foliolata,100.5,Fish and Inverts (Ramesh),Luidiidae,NA,Luidiidae,Luidiidae,,
313,Patiriella calcar,10,Fish and Inverts (Ramesh),NA,NA,NA,Asterinidae,,
314,Patiriella exigua,0,Fish and Inverts (Ramesh),NA,NA,NA,Asterinidae,,
315,Pisaster ochraceus,152,Fish and Inverts (Ramesh),Asteriidae,NA,Asteriidae,Asteriidae,,
316,Pycnopodia helianthoides,118,Fish and Inverts (Ramesh),Asteriidae,NA,Asteriidae,Asteriidae,,
317,Allocentrotus fragilis,196.5,Fish and Inverts (Ramesh),NA,NA,NA,Strongylocentrotidae,,
318,Brisaster latifrons,117,Fish and Inverts (Ramesh),Schizasteridae,NA,Schizasteridae,Schizasteridae,,
319,Dendraster excentricus,115,Fish and Inverts (Ramesh),Dendrasteridae,NA,Dendrasteridae,Dendrasteridae,,
320,Echinometra lucunter,14,Fish and Inverts (Ramesh),Echinometridae,NA,Echinometridae,Echinometridae,,
321,Heliocidaris erythrogramma,3.5,Fish and Inverts (Ramesh),NA,NA,Echinometridae,Echinometridae,,
322,Heliocidaris tuberculata,21,Fish and Inverts (Ramesh),Echinometridae,NA,Echinometridae,Echinometridae,,
323,Paracentrotus lividus,30,Fish and Inverts (Ramesh),Parechinidae,NA,NA,Parechinidae,,
324,Slrongylocentrotus droebachiensis,101.5,Fish and Inverts (Ramesh),NA,NA,NA,Strongylocentrotidae,,
325,Slrongylocentrotus franciscanus,96.5,Fish and Inverts (Ramesh),NA,NA,NA,Strongylocentrotidae,,
326,Slrongylocentrotus pallidus,63,Fish and Inverts (Ramesh),NA,NA,NA,Strongylocentrotidae,,
327,Strongylocentrotus droebachiens,88,Fish and Inverts (Ramesh),NA,NA,NA,Strongylocentrotidae,,
328,Strongylocentrotus franciscanus,100,Fish and Inverts (Ramesh),NA,NA,NA,Strongylocentrotidae,,
329,Strongylocentrotus purpuratus,60,Fish and Inverts (Ramesh),Strongylocentrotidae,NA,Strongylocentro,Strongylocentrotidae,,
330,Strongylocentrotus purpuratus,88,Fish and Inverts (Ramesh),Strongylocentrotidae,NA,Strongylocentro,Strongylocentrotidae,,
331,Cucumaria miniata,12,Fish and Inverts (Ramesh),Cucumariidae,NA,NA,Cucumariidae,,
332,Cucumaria pseudocurata,0,Fish and Inverts (Ramesh),NA,NA,NA,Cucumariidae,,
333,Holothuria nobilis,28,Fish and Inverts (Ramesh),Holothuriidae,NA,NA,Holothuriidae,,
334,Parastichopus californicus,71,Fish and Inverts (Ramesh),NA,NA,NA,Stichopodidae,,
335,Ophiopholis aculeata,149.5,Fish and Inverts (Ramesh),Ophiopholidae,NA,Ophiactidae,Ophiopholidae,,
336,Crassostrea virginica,17.5,Fish and Inverts (Ramesh),Ostreidae,NA,NA,Ostreidae,,
337,Mytilus chilensis,45,Fish and Inverts (Ramesh),NA,NA,NA,Mytilidae,,
338,Ostrea edulis,10,Fish and Inverts (Ramesh),Ostreidae,NA,NA,Ostreidae,,
339,Panopea abrupta,32,Fish and Inverts (Ramesh),Hiatellidae,NA,NA,Hiatellidae,,
340,Panopea abrupta,32,Fish and Inverts (Ramesh),Hiatellidae,NA,NA,Hiatellidae,,
341,Pecten jacobaeus,24.5,Fish and Inverts (Ramesh),Pectinidae,NA,NA,Pectinidae,,
342,Pecten maximus,24.5,Fish and Inverts (Ramesh),Pectinidae,NA,Pectinidae,Pectinidae,,
343,Tridacna derasa,8.5,Fish and Inverts (Ramesh),Cardiidae,NA,NA,Cardiidae,,
344,Tridacna gigas,8.5,Fish and Inverts (Ramesh),Cardiidae,NA,NA,Cardiidae,,
345,Tridacna maxima,8.5,Fish and Inverts (Ramesh),Cardiidae,NA,NA,Cardiidae,,
346,Tridacna maxima,8.5,Fish and Inverts (Ramesh),Cardiidae,NA,NA,Cardiidae,,
347,Adalaria proxima,1.5,Fish and Inverts (Ramesh),Onchidorididae,NA,NA,Onchidorididae,,
348,Aplysia californica,35,Fish and Inverts (Ramesh),Aplysiidae,NA,Anaspidea,Aplysiidae,,
349,Bedeva hanleyi,0,Fish and Inverts (Ramesh),NA,NA,NA,Muricidae,,
350,Buccinum undatum,0,Fish and Inverts (Ramesh),Buccinidae,NA,NA,Buccinidae,,
351,Cellana ornata,7,Fish and Inverts (Ramesh),NA,NA,NA,Nacellidae,,
352,Cellana radians,7,Fish and Inverts (Ramesh),NA,NA,NA,Nacellidae,,
353,Cominella lineolata,0,Fish and Inverts (Ramesh),NA,NA,NA,Cominellidae,,
354,Cuthona adyarensis,13.83,Fish and Inverts (Ramesh),NA,NA,NA,Cuthonidae,,
355,Dolabella aunculana,131.06,Fish and Inverts (Ramesh),NA,NA,NA,Aplysiidae,,
356,Goniodoris nodosa,80.5,Fish and Inverts (Ramesh),NA,NA,NA,Goniodorididae,,
357,Haliotis cracherodii,7.5,Fish and Inverts (Ramesh),Haliotidae,NA,NA,Haliotidae,,
358,Haliotis midae,6,Fish and Inverts (Ramesh),Haliotidae,NA,NA,Haliotidae,,
359,Littorina littorea,35,Fish and Inverts (Ramesh),Littorinidae,NA,NA,Littorinidae,,
360,Littorina saxatilis,0,Fish and Inverts (Ramesh),Littorinidae,NA,NA,Littorinidae,,
361,Morula marginalba,31.5,Fish and Inverts (Ramesh),NA,NA,NA,Muricidae,,
362,Salmacis bicolor,23,Inverts (Marshall),NA,NA,Temnopleuridae,Temnopleuridae,,
363,Macrophiothrix lorioli,23,Inverts (Marshall),NA,NA,Ophiotricidae,Ophiotricidae,,
364,Macrophiothrix belli,3,Inverts (Marshall),NA,NA,Ophiotricidae,Ophiotricidae,,
365,Macrophiothrix longipeda,14,Inverts (Marshall),Ophiotrichidae,NA,Ophiotricidae,Ophiotrichidae,,
366,Macrophiothrix rhabdota,6.88,Inverts (Marshall),NA,NA,Ophiotricidae,Ophiotricidae,,
367,Macrophiothrix nereidina,2.95,Inverts (Marshall),Ophiotrichidae,NA,Ophiotricidae,Ophiotrichidae,,
368,Macrophiothrix koehleri,32,Inverts (Marshall),Ophiotrichidae,NA,Ophiotricidae,Ophiotrichidae,,
369,Macrophiothrix caenosa,5,Inverts (Marshall),NA,NA,Ophiotricidae,Ophiotricidae,,
370,Asthenosoma ijimai,21,Inverts (Marshall),NA,NA,Echinothuriidae,Echinothuriidae,,
371,Crepidula plana,13,Inverts (Marshall),Calyptraeidae,NA,Calyptraeidae,Calyptraeidae,,
372,Leitoscoloplos fragilis,4,Inverts (Marshall),NA,NA,Orbiniidae,Orbiniidae,,
373,Echinaster echinophorus,6,Inverts (Marshall),Echinasteridae,NA,Echinasteridae,Echinasteridae,,
374,Echinaster echinophorus,6,Inverts (Marshall),Echinasteridae,NA,Echinasteridae,Echinasteridae,,
375,Echinaster echinophorus,6,Inverts (Marshall),Echinasteridae,NA,Echinasteridae,Echinasteridae,,
376,Echinaster echinophorus,6,Inverts (Marshall),Echinasteridae,NA,Echinasteridae,Echinasteridae,,
377,Echinaster echinophorus,6,Inverts (Marshall),Echinasteridae,NA,Echinasteridae,Echinasteridae,,
378,Echinaster echinophorus,6,Inverts (Marshall),Echinasteridae,NA,Echinasteridae,Echinasteridae,,
379,Echinaster echinophorus,6,Inverts (Marshall),Echinasteridae,NA,Echinasteridae,Echinasteridae,,
380,Echinaster echinophorus,6,Inverts (Marshall),Echinasteridae,NA,Echinasteridae,Echinasteridae,,
381,Coscinasterias calamaria,27,Inverts (Marshall),NA,NA,Asteriidae,Asteriidae,,
382,Stichaster australis,38,Inverts (Marshall),NA,NA,Asteriidae,Asteriidae,,
383,Strongylocentrotus purpuratus,51,Inverts (Marshall),Strongylocentrotidae,NA,Strongylocentro,Strongylocentrotidae,,
384,Melibe leonina,38,Inverts (Marshall),NA,NA,Tethydidae,Tethydidae,,
385,Mediaster aequalis,33,Inverts (Marshall),Goniasteridae,NA,Goniasteridae,Goniasteridae,,
386,Pseudopolydora kempi,2,Inverts (Marshall),Spionidae,NA,Spionidae,Spionidae,,
387,Marenzelleria viridis,12,Inverts (Marshall),NA,NA,Spionidae,Spionidae,,
388,Sabellastarte spectabilis,6.67,Inverts (Marshall),Sabellidae,NA,Sabellidae,Sabellidae,,
389,Cryptasterina pentagona,6,Inverts (Marshall),Asterinidae,NA,Asterinidae,Asterinidae,,
390,Cryptasterina pentagona,6,Inverts (Marshall),Asterinidae,NA,Asterinidae,Asterinidae,,
391,Aplysia californica,35,Inverts (Marshall),Aplysiidae,NA,Anaspidea,Aplysiidae,,
392,Hydroides elegans,4.5,Inverts (Marshall),Serpulidae,NA,Serpulidae,Serpulidae,,
393,Rostanga pulchra,35,Inverts (Marshall),NA,NA,Rostangidae,Rostangidae,,
394,Ophiarachnella gorgonia,2.5,Inverts (Marshall),Ophiodermatidae,NA,Ophiodermatidae,Ophiodermatidae,,
395,Odostomia columbiana,70,Inverts (Marshall),NA,NA,Odostomiidae,Odostomiidae,,
396,Crepipatella lingulata,38,Inverts (Marshall),NA,NA,Calyptraeidae,Calyptraeidae,,
397,Crepidula incurva,17,Inverts (Marshall),NA,NA,Calyptraeidae,Calyptraeidae,,
398,Crepidula lessoni,17,Inverts (Marshall),NA,NA,Calyptraeidae,Calyptraeidae,,
399,Crepidula onyx,23,Inverts (Marshall),NA,NA,Calyptraeidae,Calyptraeidae,,
400,Crepidula marginalis,19.5,Inverts (Marshall),NA,NA,Calyptraeidae,Calyptraeidae,,
401,Crucibulum,22,Inverts (Marshall),NA,NA,Calyptraeidae,Calyptraeidae,,
402,Amphibalanus amphitrite,8,Inverts (Marshall),Balanidae,NA,Balanidae,Balanidae,,
403,Dipolydora giardi,25,Inverts (Marshall),NA,NA,Spionidae,Spionidae,,
404,Scolelepis fulginosa,34,Inverts (Marshall),NA,NA,,Spionidae,,
405,Myxicola infundibulum,6.5,Inverts (Marshall),Sabellidae,NA,Sabellidae,Sabellidae,,
406,Evechinus chloroticus,31.3,Inverts (Marshall),NA,NA,Echinometridae,Echinometridae,,
407,Encope michelini,14,Inverts (Marshall),Mellitidae,NA,Mellitidae,Mellitidae,,
408,Encope michelini,14,Inverts (Marshall),Mellitidae,NA,Mellitidae,Mellitidae,,
409,Austromegabalanus nigrescens,18,Inverts (Marshall),NA,NA,Balanidae,Balanidae,,
410,Heliocidaris tuberculata,30,Inverts (Marshall),Echinometridae,NA,Echinometridae,Echinometridae,,
411,Clypeaster subdepressus,16,Inverts (Marshall),Clypeasteridae,NA,Clypeasteridae,Clypeasteridae,,
412,Clypeaster rosaceus,7,Inverts (Marshall),NA,NA,Clypeasteridae,Clypeasteridae,,
413,Echinometra lucunter,23,Inverts (Marshall),Echinometridae,NA,Echinometridae,Echinometridae,,
414,Echinometra vanbrunti,18,Inverts (Marshall),Echinometridae,NA,Echinometridae,Echinometridae,,
415,Tridacna squamosa,11,Inverts (Marshall),Cardiidae,NA,Tridacnidae,Cardiidae,,
416,Acteocina canaliculata,6.5,Inverts (Marshall),NA,NA,Cylichnidae,Cylichnidae,,
417,Asterias rubens,52.5,Inverts (Marshall),Asteriidae,NA,Asteriidae,Asteriidae,,
418,Crossaster papposus,19,Inverts (Marshall),Solasteridae,NA,Solasteridae,Solasteridae,,
419,Arbacia lixula,26,Inverts (Marshall),Arbaciidae,NA,Arbaciidae,Arbaciidae,,
420,Haminoea vesicula,32,Inverts (Marshall),NA,NA,Atyidae,Atyidae,,
421,Pycnopodia helianthoides,65,Inverts (Marshall),Asteriidae,NA,Asteriidae,Asteriidae,,
422,Scottolana canadensis,5,Inverts (Marshall),NA,NA,Canuellidae,Canuellidae,,
423,Strongylocentrotus droebachiensis,36.5,Inverts (Marshall),Strongylocentrotidae,NA,Strongylocentro,Strongylocentrotidae,,
424,Brisaster latifrons,35,Inverts (Marshall),Schizasteridae,NA,Schizasteridae,Schizasteridae,,
425,Echinarachnius parma,32,Inverts (Marshall),Echinarachniidae,NA,Echinarachniida,Echinarachniidae,,
426,Corambe steinbergae,34,Inverts (Marshall),NA,NA,Corambidae,Corambidae,,
427,Corambe obscura,13,Inverts (Marshall),NA,NA,Corambidae,Corambidae,,
428,Phidiana lynceus,7,Inverts (Marshall),Facelinidae,NA,Phidianidae,Facelinidae,,
429,Tritonia hombergii,43,Inverts (Marshall),NA,NA,Tritoniidae,Tritoniidae,,
430,Acanthaster planci,38,Inverts (Marshall),Acanthasteridae,NA,Acanthasteridae,Acanthasteridae,,
431,Encope michelini,7,Inverts (Marshall),Mellitidae,NA,Mellitidae,Mellitidae,,
432,Encope michelini,7,Inverts (Marshall),Mellitidae,NA,Mellitidae,Mellitidae,,
433,Astropecten aranciacus,80,Inverts (Marshall),Astropectinidae,NA,Astropectinidae,Astropectinidae,,
434,Aquilonastra burtoni,5,Inverts (Marshall),Asterinidae,NA,Asterinidae,Asterinidae,,
435,Arachnoides placenta,10,Inverts (Marshall),Clypeasteridae,NA,Arachnoididae,Clypeasteridae,,
436,Aquilonastra batheri,10,Inverts (Marshall),NA,NA,Asterinidae,Asterinidae,,
437,Echinaster echinophorus,10,Inverts (Marshall),Echinasteridae,NA,Echinasteridae,Echinasteridae,,
438,Echinaster echinophorus,10,Inverts (Marshall),Echinasteridae,NA,Echinasteridae,Echinasteridae,,
439,Echinaster echinophorus,10,Inverts (Marshall),Echinasteridae,NA,Echinasteridae,Echinasteridae,,
440,Echinaster echinophorus,10,Inverts (Marshall),Echinasteridae,NA,Echinasteridae,Echinasteridae,,
441,Echinaster echinophorus,10,Inverts (Marshall),Echinasteridae,NA,Echinasteridae,Echinasteridae,,
442,Echinaster echinophorus,10,Inverts (Marshall),Echinasteridae,NA,Echinasteridae,Echinasteridae,,
443,Echinaster echinophorus,10,Inverts (Marshall),Echinasteridae,NA,Echinasteridae,Echinasteridae,,
444,Echinaster echinophorus,10,Inverts (Marshall),Echinasteridae,NA,Echinasteridae,Echinasteridae,,
445,Ameritella mitchelli,6.5,Inverts (Marshall),NA,NA,Tellinidae,Tellinidae,,
446,Conus canonicus,21,Inverts (Marshall),Conidae,NA,Conidae,Conidae,,
447,Conus moreleti,28,Inverts (Marshall),Conidae,NA,Conidae,Conidae,,
448,Conus geographus,27,Inverts (Marshall),Conidae,NA,Conidae,Conidae,,
449,Conus imperialis,22,Inverts (Marshall),Conidae,NA,Conidae,Conidae,,
450,Conus varius,27,Inverts (Marshall),Conidae,NA,Conidae,Conidae,,
451,Conus aristophanes,25,Inverts (Marshall),NA,NA,Conidae,Conidae,,
452,Conus eburneus,28,Inverts (Marshall),Conidae,NA,Conidae,Conidae,,
453,Conus bandanus,15,Inverts (Marshall),Conidae,NA,Conidae,Conidae,,
454,Conus omaria,12,Inverts (Marshall),Conidae,NA,Conidae,Conidae,,
455,Conus chaldaeus,25,Inverts (Marshall),Conidae,NA,Conidae,Conidae,,
456,Conus araneosus,1.5,Inverts (Marshall),NA,NA,Conidae,Conidae,,
457,Conus suratensis,23,Inverts (Marshall),Conidae,NA,Conidae,Conidae,,
458,Conus distans,28,Inverts (Marshall),Conidae,NA,Conidae,Conidae,,
459,Conus planorbis,22,Inverts (Marshall),Conidae,NA,Conidae,Conidae,,
460,Conus capitaneus,28.5,Inverts (Marshall),Conidae,NA,Conidae,Conidae,,
461,Conus tessulatus,19,Inverts (Marshall),Conidae,NA,Conidae,Conidae,,
462,Conus litteratus,23,Inverts (Marshall),Conidae,NA,Conidae,Conidae,,
463,Conus miles,21,Inverts (Marshall),Conidae,NA,Conidae,Conidae,,
464,Conus striatellus,24,Inverts (Marshall),Conidae,NA,Conidae,Conidae,,
465,Conus striolatus,21,Inverts (Marshall),NA,NA,Conidae,Conidae,,
466,Conus pennaceus,17,Inverts (Marshall),Conidae,NA,Conidae,Conidae,,
467,Conus stercusmuscarum,20,Inverts (Marshall),Conidae,NA,Conidae,Conidae,,
468,Conus coffeae,21,Inverts (Marshall),Conidae,NA,Conidae,Conidae,,
469,Conus frigidus,22,Inverts (Marshall),Conidae,NA,Conidae,Conidae,,
470,Astropecten gisselbrecht,3.38,Inverts (Marshall),NA,NA,Astropectentida,Astropectentida,,
471,Ctenopleura fisheri,15,Inverts (Marshall),NA,NA,Astropectinidae,Astropectinidae,,
472,Aquilonastra coronata,30,Inverts (Marshall),Asterinidae,NA,Asterinidae,Asterinidae,,
473,Aquilonastra minor,10,Inverts (Marshall),NA,NA,Asterinidae,Asterinidae,,
474,Alderia willowi,1.5,Inverts (Marshall),NA,NA,Limapontiidae,Limapontiidae,,
475,Alderia willowi,1.5,Inverts (Marshall),NA,NA,Limapontiidae,Limapontiidae,,
476,Alderia willowi,32,Inverts (Marshall),NA,NA,Limapontiidae,Limapontiidae,,
477,Alderia willowi,32,Inverts (Marshall),NA,NA,Limapontiidae,Limapontiidae,,
478,Alderia modesta,30.5,Inverts (Marshall),NA,NA,Limapontiidae,Limapontiidae,,
479,Elysia marcusi,5.5,Inverts (Marshall),NA,NA,Plakobranchidae,Plakobranchidae,,
480,Ficopomatus miamiensis,4,Inverts (Marshall),NA,NA,Serpulidae,Serpulidae,,
481,Clione limacina,17.5,Inverts (Marshall),Clionidae,NA,Clionidae,Clionidae,,
482,Branchiomma luctuosum,5,Inverts (Marshall),NA,NA,Sabellidae,Sabellidae,,
483,Echinus esculentus,42,Inverts (Marshall),Echinidae,NA,Echinidae,Echinidae,,
484,Galeolaria caespitosa,12,Inverts (Marshall),NA,NA,Serpulidae,Serpulidae,,
485,Conus consors,7,Inverts (Marshall),Conidae,NA,Conidae,Conidae,,
486,Lytechinus variegatus,37,Inverts (Marshall),Toxopneustidae,NA,Toxopneustidae,Toxopneustidae,,
487,Pteraster tesselatus,11,Inverts (Marshall),Pterasteridae,NA,Pterasteridae,Pterasteridae,,
488,Psolidium bullatum,8,Inverts (Marshall),NA,NA,Psolidae,Psolidae,,
489,Psolus chitonoides,28,Inverts (Marshall),Psolidae,NA,Psolidae,Psolidae,,
490,Doris montereyensis,0.5,Inverts (Marshall),Dorididae,NA,Dorididae,Dorididae,,
491,Eupolymnia heterobranchia,7,Inverts (Marshall),NA,NA,Terebellidae,Terebellidae,,
492,Thelepus crispus,2,Inverts (Marshall),Terebellidae,NA,Terebellidae,Terebellidae,,
493,Eucidaris tribuloides,25,Inverts (Marshall),Cidaridae,NA,Cidaridae,Cidaridae,,
494,Actinopyga serratidens,28,Inverts (Marshall),NA,NA,Holothuriidae,Holothuriidae,,
495,Actinopyga echinites,18,Inverts (Marshall),Holothuriidae,NA,Holothuriidae,Holothuriidae,,
496,Amphiura chiajei,7,Inverts (Marshall),Amphiuridae,NA,Amphiuridae,Amphiuridae,,
497,Apostichopus japonicus,14,Inverts (Marshall),Stichopodidae,NA,Stichopodidae,Stichopodidae,,
498,Arbacia punctulata,24,Inverts (Marshall),NA,NA,Curculionoidea,Curculionoidea,,
499,Aslia lefevrei,49,Inverts (Marshall),NA,NA,Cucumariidae,Cucumariidae,,
500,Asterias forbesi,25,Inverts (Marshall),NA,NA,Asteriidae,Asteriidae,,
501,Asteropsis carinifera,30,Inverts (Marshall),Asteropseidae,NA,Poraniidae,Asteropseidae,,
502,Astriclypeus mannii,25,Inverts (Marshall),Astriclypeidae,NA,,Astriclypeidae,,
503,Astropecten velitaris,5.5,Inverts (Marshall),Astropectinidae,NA,Astropectinidae,Astropectinidae,,
504,Astropecten polyacanthus,3.5,Inverts (Marshall),Astropectinidae,NA,Astropectinidae,Astropectinidae,,
505,Certonardoa semiregularis,21,Inverts (Marshall),NA,NA,Ophidiasteridae,Ophidiasteridae,,
506,Cryptasterina pentagona,10,Inverts (Marshall),Asterinidae,NA,Asterinidae,Asterinidae,,
507,Cryptasterina pentagona,10,Inverts (Marshall),Asterinidae,NA,Asterinidae,Asterinidae,,
508,Cucumaria piperata,8.5,Inverts (Marshall),Cucumariidae,NA,Cucumariiadae,Cucumariidae,,
509,Cucumaria frondosa,46,Inverts (Marshall),Cucumariidae,NA,Cucumariidae,Cucumariidae,,
510,Diadema setosum,45,Inverts (Marshall),Diadematidae,NA,Diadematidae,Diadematidae,,
511,Echinaster purpureus,4,Inverts (Marshall),NA,NA,Echinasteridae,Echinasteridae,,
512,Echinocardium cordatum,27,Inverts (Marshall),Loveniidae,NA,Loveniidae,Loveniidae,,
513,Eucidaris metularia,30,Inverts (Marshall),Cidaridae,NA,Cidaridae,Cidaridae,,
514,Eucidaris thouarsii,30,Inverts (Marshall),Cidaridae,NA,Cidaridae,Cidaridae,,
515,Eupentacta fraudatrix,6.5,Inverts (Marshall),NA,NA,Sclerodactylida,Sclerodactylida,,
516,Eupentacta quinquesemita,7,Inverts (Marshall),Sclerodactylidae,NA,Sclerodactylida,Sclerodactylidae,,
517,Fromia ghardaqana,24,Inverts (Marshall),NA,NA,Ophidiasteridae,Ophidiasteridae,,
518,Henricia sanguinolenta,42,Inverts (Marshall),Echinasteridae,NA,Echinasteridae,Echinasteridae,,
519,Henricia lisa,45,Inverts (Marshall),NA,NA,Echinasteridae,Echinasteridae,,
520,Heterocentrotus mamillatus,8,Inverts (Marshall),Echinometridae,NA,Echinometridae,Echinometridae,,
521,Holothuria,14,Inverts (Marshall),NA,NA,Holothuriidae,Holothuriidae,,
522,Holothuria,14,Inverts (Marshall),NA,NA,Holothuriidae,Holothuriidae,,
523,Holothuria,14,Inverts (Marshall),NA,NA,Holothuriidae,Holothuriidae,,
524,Holothuria,14,Inverts (Marshall),NA,NA,Holothuriidae,Holothuriidae,,
525,Holothuria,14,Inverts (Marshall),NA,NA,Holothuriidae,Holothuriidae,,
526,Holothuria,14,Inverts (Marshall),NA,NA,Holothuriidae,Holothuriidae,,
527,Holothuria,28,Inverts (Marshall),NA,NA,Holothuriidae,Holothuriidae,,
528,Holothuria,28,Inverts (Marshall),NA,NA,Holothuriidae,Holothuriidae,,
529,Holothuria,28,Inverts (Marshall),NA,NA,Holothuriidae,Holothuriidae,,
530,Holothuria,28,Inverts (Marshall),NA,NA,Holothuriidae,Holothuriidae,,
531,Holothuria,28,Inverts (Marshall),NA,NA,Holothuriidae,Holothuriidae,,
532,Holothuria,28,Inverts (Marshall),NA,NA,Holothuriidae,Holothuriidae,,
533,Holothuria,28,Inverts (Marshall),NA,NA,Holothuriidae,Holothuriidae,,
534,Holothuria,28,Inverts (Marshall),NA,NA,Holothuriidae,Holothuriidae,,
535,Holothuria,28,Inverts (Marshall),NA,NA,Holothuriidae,Holothuriidae,,
536,Holothuria,28,Inverts (Marshall),NA,NA,Holothuriidae,Holothuriidae,,
537,Holothuria,28,Inverts (Marshall),NA,NA,Holothuriidae,Holothuriidae,,
538,Holothuria,28,Inverts (Marshall),NA,NA,Holothuriidae,Holothuriidae,,
539,Holothuria,14,Inverts (Marshall),NA,NA,Holothuriidae,Holothuriidae,,
540,Holothuria,14,Inverts (Marshall),NA,NA,Holothuriidae,Holothuriidae,,
541,Holothuria,14,Inverts (Marshall),NA,NA,Holothuriidae,Holothuriidae,,
542,Holothuria,14,Inverts (Marshall),NA,NA,Holothuriidae,Holothuriidae,,
543,Holothuria,14,Inverts (Marshall),NA,NA,Holothuriidae,Holothuriidae,,
544,Holothuria,14,Inverts (Marshall),NA,NA,Holothuriidae,Holothuriidae,,
545,Holothuria,15,Inverts (Marshall),NA,NA,Holothuriidae,Holothuriidae,,
546,Holothuria,15,Inverts (Marshall),NA,NA,Holothuriidae,Holothuriidae,,
547,Holothuria,15,Inverts (Marshall),NA,NA,Holothuriidae,Holothuriidae,,
548,Holothuria,15,Inverts (Marshall),NA,NA,Holothuriidae,Holothuriidae,,
549,Holothuria,15,Inverts (Marshall),NA,NA,Holothuriidae,Holothuriidae,,
550,Holothuria,15,Inverts (Marshall),NA,NA,Holothuriidae,Holothuriidae,,
551,Holothuria,12,Inverts (Marshall),NA,NA,Holothuriidae,Holothuriidae,,
552,Holothuria,12,Inverts (Marshall),NA,NA,Holothuriidae,Holothuriidae,,
553,Holothuria,12,Inverts (Marshall),NA,NA,Holothuriidae,Holothuriidae,,
554,Holothuria,12,Inverts (Marshall),NA,NA,Holothuriidae,Holothuriidae,,
555,Holothuria,12,Inverts (Marshall),NA,NA,Holothuriidae,Holothuriidae,,
556,Holothuria,12,Inverts (Marshall),NA,NA,Holothuriidae,Holothuriidae,,
557,Iconaster longimanus,10,Inverts (Marshall),Goniasteridae,NA,Goniasteridae,Goniasteridae,,
558,Jacksonaster depressum,14,Inverts (Marshall),Laganidae,NA,Laganidae,Laganidae,,
559,Labidoplax buskii,11.5,Inverts (Marshall),NA,NA,Synaptidae,Synaptidae,,
560,Leptopentacta elongata,9,Inverts (Marshall),NA,NA,Cucumariidae,Cucumariidae,,
561,Loxechinus albus,26.5,Inverts (Marshall),Parechinidae,NA,Parechinidae,Parechinidae,,
562,Luidia alternata,13,Inverts (Marshall),Luidiidae,NA,Luidiidae,Luidiidae,,
563,Luidia senegalensis,18,Inverts (Marshall),Luidiidae,NA,Luidiidae,Luidiidae,,
564,Luidia quinaria,36,Inverts (Marshall),Luidiidae,NA,Luidiidae,Luidiidae,,
565,Luidia ciliaris,28,Inverts (Marshall),Luidiidae,NA,Luidiidae,Luidiidae,,
566,Luidia savignyi,12,Inverts (Marshall),Luidiidae,NA,Luidiidae,Luidiidae,,
567,Luidia clathrata,28,Inverts (Marshall),Luidiidae,NA,Luidiidae,Luidiidae,,
568,Lytechinus pictus,24,Inverts (Marshall),Toxopneustidae,NA,Toxopneustidae,Toxopneustidae,,
569,Meridiastra gunnii,14,Inverts (Marshall),NA,NA,Asterinidae,Asterinidae,,
570,Meridiastra calcar,14,Inverts (Marshall),NA,NA,Asterinidae,Asterinidae,,
571,Metacrinus rotundus,11,Inverts (Marshall),Isselicrinidae,NA,Isselicrinidae,Isselicrinidae,,
572,Molpadia intermedia,6.5,Inverts (Marshall),NA,NA,Molpadiidae,Molpadiidae,,
573,Nudechinus gravieri,15,Inverts (Marshall),NA,NA,Toxopneustidae,Toxopneustidae,,
574,Ophiocomina nigra,37.5,Inverts (Marshall),Ophiotomidae,NA,Ophiocomidae,Ophiotomidae,,
575,Ophioderma brevispina,5,Inverts (Marshall),Ophiodermatidae,NA,Ophiodermatidae,Ophiodermatidae,,
576,Ophiomaza cacaotica,13,Inverts (Marshall),Ophiotrichidae,NA,Ophiotricidae,Ophiotrichidae,,
577,Ophioplocus japonicus,6,Inverts (Marshall),Hemieuryalidae,NA,Ophiolepididae,Hemieuryalidae,,
578,Ophiothrix,21,Inverts (Marshall),NA,NA,Ophiotrichidae,Ophiotrichidae,,
579,Ophiothrix fragilis,26,Inverts (Marshall),Ophiothricidae,NA,Ophiotricidae,Ophiothricidae,,
580,Paracaudina chilensis,13,Inverts (Marshall),Caudinidae,NA,Caudinidae,Caudinidae,,
581,Parechinus angulosus,56,Inverts (Marshall),NA,NA,Echinidae,Echinidae,,
582,Patiria miniata,38,Inverts (Marshall),Asterinidae,NA,Asterinidae,Asterinidae,,
583,Pentamera populifera,6.5,Inverts (Marshall),NA,NA,Phyllophoridae,Phyllophoridae,,
584,Prionocidaris baculosa,25,Inverts (Marshall),Cidaridae,NA,Cidaridae,Cidaridae,,
585,Psammechinus miliaris,58,Inverts (Marshall),NA,NA,Echinidae,Echinidae,,
586,Pseudocnus echinatus,7.5,Inverts (Marshall),NA,NA,Cucumariidae,Cucumariidae,,
587,Psolus fabricii,55,Inverts (Marshall),NA,NA,Psolidae,Psolidae,,
588,Psolus phantapus,58.5,Inverts (Marshall),NA,NA,Psolidae,Psolidae,,
589,Scaphechinus mirabilis,29,Inverts (Marshall),NA,NA,Scutellidae,Scutellidae,,
590,Solaster endeca,76,Inverts (Marshall),Solasteridae,NA,Solasteridae,Solasteridae,,
591,Stichopus,12,Inverts (Marshall),NA,NA,Stichopodidae,Stichopodidae,,
592,Strongylocentrotus intermedius,32.5,Inverts (Marshall),NA,NA,Strongylocentro,Strongylocentro,,
593,Tetrapygus niger,107,Inverts (Marshall),NA,NA,Arbaciidae,Arbaciidae,,
594,Tripneustes gratilla,18,Inverts (Marshall),Toxopneustidae,NA,Toxopneustidae,Toxopneustidae,,
595,Lobophytum compactum,5.5,Inverts (Marshall),NA,NA,Alcyoniidae,Alcyoniidae,,
596,Vermetus,1,Inverts (Marshall),NA,NA,Vermetidae,Vermetidae,,
597,Leodia sexiesperforata,5,Inverts (Marshall),Mellitidae,NA,Mellitidae,Mellitidae,,
598,Mellita tenuis,10,Inverts (Marshall),NA,NA,Mellitidae,Mellitidae,,
599,Florometra serratissima,5,Inverts (Marshall),Antedonidae,NA,Antedonidae,Antedonidae,,
600,Ophiothrix oerstedii,4.3,Inverts (Marshall),Ophiothricidae,NA,Ophiotricidae,Ophiothricidae,,
601,Ophiocoma pumila,90,Inverts (Marshall),Ophiocomidae,NA,Ophiocomidae,Ophiocomidae,,
602,Conopea galeata,11.5,Inverts (Marshall),NA,NA,Archaeobalanida,Archaeobalanida,,
603,Tegula funebralis,5,Inverts (Marshall),Tegulidae,NA,Trochidae,Tegulidae,,
604,Holopneustes purpurascens,8,Inverts (Marshall),NA,NA,Temnopleuridae,Temnopleuridae,,
605,Peronella japonica,2,Inverts (Marshall),NA,NA,Laganidae,Laganidae,,
606,Phyllacanthus imperialis,4,Inverts (Marshall),Cidaridae,NA,Cidaridae,Cidaridae,,
607,Echinometra mathaei,40,Inverts (Marshall),Echinometridae,NA,Echinometridae,Echinometridae,,
608,Heliocidaris crassispina,37,Inverts (Marshall),NA,NA,Echinometridae,Echinometridae,,
609,Mespilia globulus,35,Inverts (Marshall),Temnopleuridae,NA,Temnopleuridae,Temnopleuridae,,
610,Pecten maximus,26,Inverts (Marshall),Pectinidae,NA,Pectinidae,Pectinidae,,
611,Neverita lewisii,35,Inverts (Marshall),Naticidae,NA,Naticidae,Naticidae,,
612,Conus lividus,50,Inverts (Marshall),Conidae,NA,Conidae,Conidae,,
613,Conus marmoreus,10,Inverts (Marshall),Conidae,NA,Conidae,Conidae,,
614,Conus textile,16,Inverts (Marshall),Conidae,NA,Conidae,Conidae,,
615,Conus abbreviatus,32,Inverts (Marshall),NA,NA,Conidae,Conidae,,
616,Conus striatus,20,Inverts (Marshall),Scelionidae,NA,Conidae,Scelionidae,,
617,Conus quercinus,30,Inverts (Marshall),Conidae,NA,Conidae,Conidae,,
618,Conus flavidus,23,Inverts (Marshall),Conidae,NA,Conidae,Conidae,,
619,Holothuria (Metriatyla) scabra,15.5,Inverts (Marshall),NA,NA,Holothuriidae,Holothuriidae,,
620,Schistomeringos rudolphi,8,Inverts (Marshall),Dorvilleidae,NA,Dorvilleidae,Dorvilleidae,,
621,Clytia gregaria,7.5,Inverts (Marshall),NA,NA,Campanulariidae,Campanulariidae,,
622,Hydroides dianthus,5,Inverts (Marshall),NA,NA,Serpulidae,Serpulidae,,
623,Spirobranchus triqueter,21,Inverts (Marshall),NA,NA,Serpulidae,Serpulidae,,
624,Loimia medusa,30,Inverts (Marshall),Terebellidae,NA,Terebellidae,Terebellidae,,
625,Macrophiothrix spongicola,30,Inverts (Marshall),NA,NA,Ophiotricidae,Ophiotricidae,,
626,Ophiactis resiliens,60,Inverts (Marshall),NA,NA,Ophiactidae,Ophiactidae,,
627,Ophionereis schayeri,6.5,Inverts (Marshall),NA,NA,Ophionereididae,Ophionereididae,,
628,Littorina brevicula,7,Inverts (Marshall),NA,NA,Littorinidae,Littorinidae,,
629,Ophiolepis elegans,2,Inverts (Marshall),NA,NA,Ophiurudae,Ophiurudae,,
630,Ophiolepis elegans,2,Inverts (Marshall),NA,NA,Ophiurudae,Ophiurudae,,
631,Ophiolepis elegans,2,Inverts (Marshall),NA,NA,Ophiurudae,Ophiurudae,,
632,Ophiolepis elegans,2,Inverts (Marshall),NA,NA,Ophiurudae,Ophiurudae,,
633,Apostichopus californicus,71,Inverts (Marshall),Stichopodidae,NA,Stichopodidae,Stichopodidae,,
634,Dendraster excentricus,115,Inverts (Marshall),Dendrasteridae,NA,Dendrasteridae,Dendrasteridae,,
635,Luidia foliolata,100.5,Inverts (Marshall),Luidiidae,NA,Luidiidae,Luidiidae,,
636,Ophiopholis aculeata,30,Inverts (Marshall),Ophiopholidae,NA,Ophiactidae,Ophiopholidae,,
637,Pisaster ochraceus,152,Inverts (Marshall),Asteriidae,NA,Asteriidae,Asteriidae,,
638,Aplysia dactylomela,30,Inverts (Marshall),Aplysiidae,NA,Aplysiidae,Aplysiidae,,
639,Aplysia juliana,28,Inverts (Marshall),Aplysiidae,NA,Aplysiidae,Aplysiidae,,
640,Dolabella auricularia,31,Inverts (Marshall),Aplysiidae,NA,Aplysiidae,Aplysiidae,,
641,Stylocheilus longicauda,30,Inverts (Marshall),Aplysiidae,NA,Aplysiidae,Aplysiidae,,
642,Echinocyamus pusillus,45,Inverts (Marshall),Fibulariidae,NA,Fibulariidae,Fibulariidae,,
643,Doris pseudoargus,37,Inverts (Marshall),NA,NA,Archidorididae,Archidorididae,,
644,Onchidoris muricata,58.5,Inverts (Marshall),Onchidorididae,NA,Onchidorididae,Onchidorididae,,
645,Ophiodaphne formata,21.125,Inverts (Marshall),NA,NA,Ophiactidae,Ophiactidae,,
646,Echinometra viridis,14,Inverts (Marshall),Echinometridae,NA,Echinometridae,Echinometridae,,
647,Elysia viridis,30,Inverts (Marshall),NA,NA,Plakobranchidae,Plakobranchidae,,
648,Tripneustes ventricosus,28,Inverts (Marshall),Toxopneustidae,NA,Toxopneustidae,Toxopneustidae,,
649,Hydroides dirampha,10,Inverts (Marshall),NA,NA,Serpulidae,Serpulidae,,
650,Styela plicata,1,Inverts (Marshall),Styelidae,NA,Styelidae,Styelidae,,
651,Uniophora granifera,4,Inverts (Marshall),NA,NA,,Stichasteridae,,
652,Notomithrax peronii,34,Inverts (Marshall),NA,NA,Majidae,Majidae,,
653,Bugula neritina,0.5,Inverts (Marshall),Bugulidae,NA,Bugulidae,Bugulidae,,
654,Bugulina stolonifera,0.5,Inverts (Marshall),NA,NA,Bugulidae,Bugulidae,,
655,Bugulina simplex,0.5,Inverts (Marshall),NA,NA,Bugulidae,Bugulidae,,
656,Elysia chlorotica,14.5,Inverts (Marshall),NA,NA,Plakobranchidae,Plakobranchidae,,
657,Heliocidaris erythrogramma,4.35,Inverts (Marshall),NA,NA,Echinometridae,Echinometridae,,
658,Ophelia bicornis,5.5,Inverts (Marshall),NA,NA,Opheliidae,Opheliidae,,
659,Haliotis coccoradiata,5,Inverts (Marshall),NA,NA,Haliotidae,Haliotidae,,
660,Ophidiaster granifer,9,Inverts (Marshall),Ophidiasteridae,NA,Ophidiasteridae,Ophidiasteridae,,
661,Culcita novaeguineae,17,Inverts (Marshall),Oreasteridae,NA,Oreasteridae,Oreasteridae,,
662,Gomophia egyptiaca,4,Inverts (Marshall),Ophidiasteridae,NA,Ophidiasteridae,Ophidiasteridae,,
663,Ectopleura crocea,1,Inverts (Marshall),Tubulariidae,NA,Tubulariidae,Tubulariidae,,
664,Conus biliosus,26,Inverts (Marshall),Conidae,NA,Conidae,Conidae,,
665,Conus coronatus,27,Inverts (Marshall),Conidae,NA,Conidae,Conidae,,
666,Scorpaena porcus,29,Manual search,,,,Scorpaenidae,,"Macpherson, E. and Ravents, N., 2006. Relationship between pelagic larval duration and geographic distribution of Mediterranean littoral fishes.Marine Ecology Progress Series,327, pp.257-265."
667,Scorpaena scofra,25,Manual search,,,,Scorpaenidae,,"Macpherson, E. and Ravents, N., 2006. Relationship between pelagic larval duration and geographic distribution of Mediterranean littoral fishes.Marine Ecology Progress Series,327, pp.257-265."
668,Uropterygius micropterus,54.6,Manual search,,,,Muraenidae,Data from multiple individuals,"Huang, W.C., Chang, J.T., Liao, C., Tawa, A., Iizuka, Y., Liao, T.Y. and Shiao, J.C., 2018. Pelagic larval duration, growth rate, and population genetic structure of the tidepool snake moray Uropterygius micropterus around the southern Ryukyu Islands, Taiwan, and the central Philippines.PeerJ,6, p.e4741."