"","SciName","PLD","database","Family","part_of_stock_list"
"1","Auxis rochei",16,"Fish and Inverts (Ramesh)","Scombridae",FALSE
"2","Coregonus schinzii",29,"Fish and Inverts (Ramesh)","Salmonidae",FALSE
"3","Sciaenops ocellatus",22,"Fish and Inverts (Ramesh)","Sciaenidae",TRUE
"4","Scomber thazard",10,"Fish and Inverts (Ramesh)","Scombridae",FALSE
"5","Anchoviella mauii",35,"Fish and Inverts (Ramesh)","Engraulidae",FALSE
"6","Solea vulgaris vulgaris",45,"Fish and Inverts (Ramesh)","Soleidae",FALSE
"7","Alosa pilchardus",40,"Fish and Inverts (Ramesh)","Clupeidae",FALSE
"8","Sardina pilchardus",40,"Fish and Inverts (Ramesh)","Clupeidae",TRUE
"9","Sardinella aurita",0,"Fish and Inverts (Ramesh)","Clupeidae",TRUE
"10","Thunnus albacares",26.34,"Fish and Inverts (Ramesh)","Scombridae",TRUE
"11","Thunnus albacares",26.4,"Fish and Inverts (Ramesh)","Scombridae",TRUE
"12","Thunnus albacares",26.85,"Fish and Inverts (Ramesh)","Scombridae",TRUE
"13","Coregonus artedii",26,"Fish and Inverts (Ramesh)","Salmonidae",FALSE
"14","Clupea harengus membras",160,"Fish and Inverts (Ramesh)","Clupeidae",FALSE
"15","Thunnus maccoyii",24,"Fish and Inverts (Ramesh)","Scombridae",TRUE
"16","Auxis thazard",10,"Fish and Inverts (Ramesh)","Scombridae",TRUE
"17","Sparus aurata",52,"Fish and Inverts (Ramesh)","Sparidae",TRUE
"18","Sardinella pinnula",0,"Fish and Inverts (Ramesh)","Clupeidae",FALSE
"19","Chanos chanos",45.1,"Fish and Inverts (Ramesh)","Chanidae",TRUE
"20","Chanos chanos",45.2,"Fish and Inverts (Ramesh)","Chanidae",TRUE
"21","Chanos chanos",45.11,"Fish and Inverts (Ramesh)","Chanidae",TRUE
"22","Chanos chanos",45,"Fish and Inverts (Ramesh)","Chanidae",TRUE
"23","Gadus morhua",130,"Fish and Inverts (Ramesh)","Gadidae",TRUE
"24","Gadus morhua",130,"Fish and Inverts (Ramesh)","Gadidae",TRUE
"25","Gadus morhua",130,"Fish and Inverts (Ramesh)","Gadidae",TRUE
"26","Gadus morhua",110.5,"Fish and Inverts (Ramesh)","Gadidae",TRUE
"27","Trachurus symmetricus",1.5,"Fish and Inverts (Ramesh)","Carangidae",TRUE
"28","Auxis vulgaris",16,"Fish and Inverts (Ramesh)","Scombridae",FALSE
"29","Amblyglyphidodon curacao",13,"Fish and Inverts (Ramesh)","Pomacentridae",FALSE
"30","Engraulis mordax",35,"Fish and Inverts (Ramesh)","Engraulidae",TRUE
"31","Scophthalmus maximus",42,"Fish and Inverts (Ramesh)","Scophthalmidae",TRUE
"32","Scophthalmus maximus",46,"Fish and Inverts (Ramesh)","Scophthalmidae",TRUE
"33","Scophthalmus maximus",44.42,"Fish and Inverts (Ramesh)","Scophthalmidae",TRUE
"34","Scophthalmus maximus",44.29,"Fish and Inverts (Ramesh)","Scophthalmidae",TRUE
"35","Scophthalmus maximus",44.17,"Fish and Inverts (Ramesh)","Scophthalmidae",TRUE
"36","Scophthalmus maximus",44,"Fish and Inverts (Ramesh)","Scophthalmidae",TRUE
"37","Scophthalmus maximus",43.71,"Fish and Inverts (Ramesh)","Scophthalmidae",TRUE
"38","Scophthalmus maximus",48,"Fish and Inverts (Ramesh)","Scophthalmidae",TRUE
"39","Scophthalmus maximus",44,"Fish and Inverts (Ramesh)","Scophthalmidae",TRUE
"40","Scophthalmus maximus",46,"Fish and Inverts (Ramesh)","Scophthalmidae",TRUE
"41","Scophthalmus maximus",48.5,"Fish and Inverts (Ramesh)","Scophthalmidae",TRUE
"42","Coregonus rondeletii",19,"Fish and Inverts (Ramesh)","Salmonidae",FALSE
"43","Caranx symmetricus",1.5,"Fish and Inverts (Ramesh)","Carangidae",FALSE
"44","Stolephorus zollingeri",47,"Fish and Inverts (Ramesh)","Engraulidae",FALSE
"45","Archosargus rhomboidalis",21,"Fish and Inverts (Ramesh)","Sparidae",FALSE
"46","Morone saxatilis",33,"Fish and Inverts (Ramesh)","Moronidae",TRUE
"47","Salmo labradoricus",40,"Fish and Inverts (Ramesh)","Salmonidae",FALSE
"48","Centropomus mullus",50.67,"Fish and Inverts (Ramesh)","Centropomidae",FALSE
"49","Centropomus mullus",48.29,"Fish and Inverts (Ramesh)","Centropomidae",FALSE
"50","Centropomus mullus",48.57,"Fish and Inverts (Ramesh)","Centropomidae",FALSE
"51","Sparidentex hasta",1.66,"Fish and Inverts (Ramesh)","Sparidae",TRUE
"52","Harengula jaguana",0,"Fish and Inverts (Ramesh)","Clupeidae",FALSE
"53","Coregonus sapidissimus",40,"Fish and Inverts (Ramesh)","Salmonidae",FALSE
"54","Dicentrarchus lupus",50.67,"Fish and Inverts (Ramesh)","Moronidae",FALSE
"55","Dicentrarchus lupus",48.29,"Fish and Inverts (Ramesh)","Moronidae",FALSE
"56","Dicentrarchus lupus",48.57,"Fish and Inverts (Ramesh)","Moronidae",FALSE
"57","Scolopsis taeniopterus",19,"Fish and Inverts (Ramesh)","Nemipteridae",FALSE
"58","Opisthonema oglinum",0,"Fish and Inverts (Ramesh)","Clupeidae",TRUE
"59","Merluccius productus",88,"Fish and Inverts (Ramesh)","Merlucciidae",TRUE
"60","Morone labrax",50.67,"Fish and Inverts (Ramesh)","Moronidae",FALSE
"61","Morone labrax",48.29,"Fish and Inverts (Ramesh)","Moronidae",FALSE
"62","Morone labrax",48.57,"Fish and Inverts (Ramesh)","Moronidae",FALSE
"63","Alosa pseudoharengus",2.1,"Fish and Inverts (Ramesh)","Clupeidae",TRUE
"64","Alosa pseudoharengus",3.39,"Fish and Inverts (Ramesh)","Clupeidae",TRUE
"65","Alosa pseudoharengus",3.7,"Fish and Inverts (Ramesh)","Clupeidae",TRUE
"66","Alosa pseudoharengus",4,"Fish and Inverts (Ramesh)","Clupeidae",TRUE
"67","Alosa pseudoharengus",4.2,"Fish and Inverts (Ramesh)","Clupeidae",TRUE
"68","Alosa pseudoharengus",6,"Fish and Inverts (Ramesh)","Clupeidae",TRUE
"69","Alosa pseudoharengus",15,"Fish and Inverts (Ramesh)","Clupeidae",TRUE
"70","Pleuronectes platessa",100,"Fish and Inverts (Ramesh)","Pleuronectidae",TRUE
"71","Engraulis japonicus",47,"Fish and Inverts (Ramesh)","Engraulidae",TRUE
"72","Salmo tullibee",26,"Fish and Inverts (Ramesh)","Salmonidae",FALSE
"73","Solea solea",45,"Fish and Inverts (Ramesh)","Soleidae",TRUE
"74","Scomber rochei",16,"Fish and Inverts (Ramesh)","Scombridae",FALSE
"75","Dicentrarchus labrax",50.67,"Fish and Inverts (Ramesh)","Moronidae",TRUE
"76","Dicentrarchus labrax",48.29,"Fish and Inverts (Ramesh)","Moronidae",TRUE
"77","Dicentrarchus labrax",48.57,"Fish and Inverts (Ramesh)","Moronidae",TRUE
"78","Stolephorus tapirulus",74,"Fish and Inverts (Ramesh)","Engraulidae",FALSE
"79","Alosa musica",46.5,"Fish and Inverts (Ramesh)","Clupeidae",FALSE
"80","Alosa musica",46,"Fish and Inverts (Ramesh)","Clupeidae",FALSE
"81","Alosa musica",45.75,"Fish and Inverts (Ramesh)","Clupeidae",FALSE
"82","Alosa musica",47.7,"Fish and Inverts (Ramesh)","Clupeidae",FALSE
"83","Theragra chalcogramma",108,"Fish and Inverts (Ramesh)","Gadidae",TRUE
"84","Katsuwonus pelamis",21.1,"Fish and Inverts (Ramesh)","Scombridae",TRUE
"85","Dentex hasta",1.66,"Fish and Inverts (Ramesh)","Sparidae",FALSE
"86","Semicossyphus pulcher",52,"Fish and Inverts (Ramesh)","Labridae",TRUE
"87","Pagrus major",47,"Fish and Inverts (Ramesh)","Sparidae",TRUE
"88","Mugil salmoneus",45.1,"Fish and Inverts (Ramesh)","Mugilidae",FALSE
"89","Mugil salmoneus",45.2,"Fish and Inverts (Ramesh)","Mugilidae",FALSE
"90","Mugil salmoneus",45.11,"Fish and Inverts (Ramesh)","Mugilidae",FALSE
"91","Mugil salmoneus",45,"Fish and Inverts (Ramesh)","Mugilidae",FALSE
"92","Auxis thazard",10,"Fish and Inverts (Ramesh)","Scombridae",TRUE
"93","Sardinops sagax",46.5,"Fish and Inverts (Ramesh)","Clupeidae",TRUE
"94","Sardinops sagax",46,"Fish and Inverts (Ramesh)","Clupeidae",TRUE
"95","Sardinops sagax",45.75,"Fish and Inverts (Ramesh)","Clupeidae",TRUE
"96","Sardinops sagax",47.7,"Fish and Inverts (Ramesh)","Clupeidae",TRUE
"97","Mallotus villosus",150,"Fish and Inverts (Ramesh)","Osmeridae",TRUE
"98","Scomber scombrus",46,"Fish and Inverts (Ramesh)","Scombridae",TRUE
"99","Scomber scombrus",46,"Fish and Inverts (Ramesh)","Scombridae",TRUE
"100","Scomber scombrus",42.06,"Fish and Inverts (Ramesh)","Scombridae",TRUE
"101","Scomber scombrus",47.38,"Fish and Inverts (Ramesh)","Scombridae",TRUE
"102","Scomberomorus cavalla",12,"Fish and Inverts (Ramesh)","Scombridae",TRUE
"103","Lutjanus triangulum",22,"Fish and Inverts (Ramesh)","Lutjanidae",FALSE
"104","Micromesistius poutassou",4,"Fish and Inverts (Ramesh)","Gadidae",TRUE
"105","Micromesistius poutassou",11.5,"Fish and Inverts (Ramesh)","Gadidae",TRUE
"106","Scomber thynnus",31,"Fish and Inverts (Ramesh)","Scombridae",FALSE
"107","Scomber maculatus",9.65,"Fish and Inverts (Ramesh)","Scombridae",FALSE
"108","Scomber maculatus",10.02,"Fish and Inverts (Ramesh)","Scombridae",FALSE
"109","Scomber maculatus",10.04,"Fish and Inverts (Ramesh)","Scombridae",FALSE
"110","Decapterus polyaspis",1.5,"Fish and Inverts (Ramesh)","Carangidae",FALSE
"111","Coregonus brevis",28,"Fish and Inverts (Ramesh)","Salmonidae",FALSE
"112","Clupea harengus",160,"Fish and Inverts (Ramesh)","Clupeidae",TRUE
"113","Trachurus symmetricus symmetricus",1.5,"Fish and Inverts (Ramesh)","Carangidae",FALSE
"114","Morone rufa",85,"Fish and Inverts (Ramesh)","Moronidae",FALSE
"115","Coregonus albula",28,"Fish and Inverts (Ramesh)","Salmonidae",TRUE
"116","Scomber vulgaris",46,"Fish and Inverts (Ramesh)","Scombridae",FALSE
"117","Scomber vulgaris",46,"Fish and Inverts (Ramesh)","Scombridae",FALSE
"118","Scomber vulgaris",42.06,"Fish and Inverts (Ramesh)","Scombridae",FALSE
"119","Scomber vulgaris",47.38,"Fish and Inverts (Ramesh)","Scombridae",FALSE
"120","Scomber sloanei",26.34,"Fish and Inverts (Ramesh)","Scombridae",FALSE
"121","Scomber sloanei",26.4,"Fish and Inverts (Ramesh)","Scombridae",FALSE
"122","Scomber sloanei",26.85,"Fish and Inverts (Ramesh)","Scombridae",FALSE
"123","Coregonus lavaretus",19,"Fish and Inverts (Ramesh)","Salmonidae",TRUE
"124","Salmo socialis",150,"Fish and Inverts (Ramesh)","Salmonidae",FALSE
"125","Oreochromis mossambicus",0,"Fish and Inverts (Ramesh)","Cichlidae",FALSE
"126","Thunnus zacalles",26.34,"Fish and Inverts (Ramesh)","Scombridae",FALSE
"127","Thunnus zacalles",26.4,"Fish and Inverts (Ramesh)","Scombridae",FALSE
"128","Thunnus zacalles",26.85,"Fish and Inverts (Ramesh)","Scombridae",FALSE
"129","Alosa teres",1.5,"Fish and Inverts (Ramesh)","Clupeidae",FALSE
"130","Alosa teres",2,"Fish and Inverts (Ramesh)","Clupeidae",FALSE
"131","Alosa teres",2.08,"Fish and Inverts (Ramesh)","Clupeidae",FALSE
"132","Alosa teres",5.62,"Fish and Inverts (Ramesh)","Clupeidae",FALSE
"133","Centropomus sandat",0,"Fish and Inverts (Ramesh)","Centropomidae",FALSE
"134","Salmo lavaretus",19,"Fish and Inverts (Ramesh)","Salmonidae",FALSE
"135","Thunnus rocheanus",16,"Fish and Inverts (Ramesh)","Scombridae",FALSE
"136","Pseudopleuronectes americanus",87,"Fish and Inverts (Ramesh)","Pleuronectidae",TRUE
"137","Menidia menidia",35,"Fish and Inverts (Ramesh)","Atherinopsidae",TRUE
"138","Harengula pensacolae",0,"Fish and Inverts (Ramesh)","Clupeidae",FALSE
"139","Abudefduf melanopselion",18,"Fish and Inverts (Ramesh)","Pomacentridae",FALSE
"140","Dorosoma notata",1.5,"Fish and Inverts (Ramesh)","Clupeidae",FALSE
"141","Dorosoma notata",3.96,"Fish and Inverts (Ramesh)","Clupeidae",FALSE
"142","Cynoscion nebulosus",19,"Fish and Inverts (Ramesh)","Sciaenidae",TRUE
"143","Labroides dimidiatus",26,"Fish and Inverts (Ramesh)","Labridae",FALSE
"144","Scomber scombrus japonicus",19.04,"Fish and Inverts (Ramesh)","Scombridae",FALSE
"145","Scomber scombrus japonicus",19.08,"Fish and Inverts (Ramesh)","Scombridae",FALSE
"146","Etrumeus sadina",1.5,"Fish and Inverts (Ramesh)","Dussumieriidae",FALSE
"147","Etrumeus sadina",2,"Fish and Inverts (Ramesh)","Dussumieriidae",FALSE
"148","Etrumeus sadina",2.08,"Fish and Inverts (Ramesh)","Dussumieriidae",FALSE
"149","Etrumeus sadina",5.62,"Fish and Inverts (Ramesh)","Dussumieriidae",FALSE
"150","Morone flavescens",36,"Fish and Inverts (Ramesh)","Moronidae",FALSE
"151","Morone saxitilis",33,"Fish and Inverts (Ramesh)","Moronidae",FALSE
"152","Achirus lineatus",23,"Fish and Inverts (Ramesh)","Achiridae",FALSE
"153","Scomberomorus maculatus",9.65,"Fish and Inverts (Ramesh)","Scombridae",TRUE
"154","Scomberomorus maculatus",10.02,"Fish and Inverts (Ramesh)","Scombridae",TRUE
"155","Scomberomorus maculatus",10.04,"Fish and Inverts (Ramesh)","Scombridae",TRUE
"156","Coregonus hoyi",24,"Fish and Inverts (Ramesh)","Salmonidae",FALSE
"157","Engraulis ringens",74,"Fish and Inverts (Ramesh)","Engraulidae",TRUE
"158","Engraulis encrasicolus",37,"Fish and Inverts (Ramesh)","Engraulidae",TRUE
"159","Dorosoma cepedianum",1.5,"Fish and Inverts (Ramesh)","Clupeidae",FALSE
"160","Dorosoma cepedianum",3.96,"Fish and Inverts (Ramesh)","Clupeidae",FALSE
"161","Anchoviella guineensis",37,"Fish and Inverts (Ramesh)","Engraulidae",FALSE
"162","Alosa sapidissima",2,"Fish and Inverts (Ramesh)","Clupeidae",TRUE
"163","Alosa sapidissima",3,"Fish and Inverts (Ramesh)","Clupeidae",TRUE
"164","Alosa sapidissima",7,"Fish and Inverts (Ramesh)","Clupeidae",TRUE
"165","Alosa sapidissima",11,"Fish and Inverts (Ramesh)","Clupeidae",TRUE
"166","Alosa sapidissima",13.5,"Fish and Inverts (Ramesh)","Clupeidae",TRUE
"167","Alosa sapidissima",2,"Fish and Inverts (Ramesh)","Clupeidae",TRUE
"168","Alosa sapidissima",17,"Fish and Inverts (Ramesh)","Clupeidae",TRUE
"169","Anchoa mitchilli",32,"Fish and Inverts (Ramesh)","Engraulidae",FALSE
"170","Thunnus thynnus maccoyii",24,"Fish and Inverts (Ramesh)","Scombridae",FALSE
"171","Cheilodipterus quinquelineatus",23,"Fish and Inverts (Ramesh)","Apogonidae",FALSE
"172","Scomber pelamys",21.1,"Fish and Inverts (Ramesh)","Scombridae",FALSE
"173","Melanogrammus aeglefinus",140,"Fish and Inverts (Ramesh)","Gadidae",TRUE
"174","Melanogrammus aeglefinus",142,"Fish and Inverts (Ramesh)","Gadidae",TRUE
"175","Thunnus thynnus",31,"Fish and Inverts (Ramesh)","Scombridae",TRUE
"176","Ammodytes americanus",159,"Fish and Inverts (Ramesh)","Ammodytidae",FALSE
"177","Paralichthys dentatus",101.33,"Fish and Inverts (Ramesh)","Paralichthyidae",TRUE
"178","Paralichthys dentatus",102.06,"Fish and Inverts (Ramesh)","Paralichthyidae",TRUE
"179","Paralichthys dentatus",104.92,"Fish and Inverts (Ramesh)","Paralichthyidae",TRUE
"180","Scomber quadripunctatus",24,"Fish and Inverts (Ramesh)","Scombridae",FALSE
"181","Salmo vimba",28,"Fish and Inverts (Ramesh)","Salmonidae",FALSE
"182","Morone americana",85,"Fish and Inverts (Ramesh)","Moronidae",FALSE
"183","Abudefduf curacao",13,"Fish and Inverts (Ramesh)","Pomacentridae",FALSE
"184","Sardinops caeruleus",46.5,"Fish and Inverts (Ramesh)","Clupeidae",FALSE
"185","Sardinops caeruleus",46,"Fish and Inverts (Ramesh)","Clupeidae",FALSE
"186","Sardinops caeruleus",45.75,"Fish and Inverts (Ramesh)","Clupeidae",FALSE
"187","Sardinops caeruleus",47.7,"Fish and Inverts (Ramesh)","Clupeidae",FALSE
"188","Scomber japonicus",19.04,"Fish and Inverts (Ramesh)","Scombridae",TRUE
"189","Scomber japonicus",19.08,"Fish and Inverts (Ramesh)","Scombridae",TRUE
"190","Thunnus vulgaris",31,"Fish and Inverts (Ramesh)","Scombridae",FALSE
"191","Anchoviella tapirulus",74,"Fish and Inverts (Ramesh)","Engraulidae",FALSE
"192","Euthynnus alletteratus",24,"Fish and Inverts (Ramesh)","Scombridae",TRUE
"193","Callichirus islagrande",14,"Fish and Inverts (Ramesh)","Callichiridae",FALSE
"194","Hemigrapsus oregonensis",24.5,"Fish and Inverts (Ramesh)","Varunidae",FALSE
"195","Lepidophthalmus louisianensis",3,"Fish and Inverts (Ramesh)","Callichiridae",FALSE
"196","Pachygrapsus crassipes",88,"Fish and Inverts (Ramesh)","Grapsidae",FALSE
"197","Pandalus borealis",105,"Fish and Inverts (Ramesh)","Pandalidae",TRUE
"198","Penaeus monodon",14,"Fish and Inverts (Ramesh)","Penaeidae",TRUE
"199","Penaeus monodon",14,"Fish and Inverts (Ramesh)","Penaeidae",TRUE
"200","Synalpheus pectiniger",3,"Fish and Inverts (Ramesh)","Alpheidae",FALSE
"201","Abudefduf saxatilis",23,"Fish and Inverts (Ramesh)","Pomacentridae",FALSE
"202","Acanthochromis polyacanthus",0,"Fish and Inverts (Ramesh)","Pomacentridae",FALSE
"203","Acanthochromis polyacanthus",0,"Fish and Inverts (Ramesh)","Pomacentridae",FALSE
"204","Acanthurus chirurgus",55.2,"Fish and Inverts (Ramesh)","Acanthuridae",FALSE
"205","Acanthurus triostegus",60,"Fish and Inverts (Ramesh)","Acanthuridae",FALSE
"206","Acanthurus triostegus",60,"Fish and Inverts (Ramesh)","Acanthuridae",FALSE
"207","Acanthurus triostegus",65,"Fish and Inverts (Ramesh)","Acanthuridae",FALSE
"208","Alloclinus holderi",60,"Fish and Inverts (Ramesh)","Labrisomidae",FALSE
"209","Amphiprion clarkii",11.5,"Fish and Inverts (Ramesh)","Pomacentridae",FALSE
"210","Amphiprion melanopus",18.5,"Fish and Inverts (Ramesh)","Pomacentridae",FALSE
"211","Arnoglossus thori",31.4,"Fish and Inverts (Ramesh)","Bothidae",FALSE
"212","Atherina hepsetus",83,"Fish and Inverts (Ramesh)","Atherinidae",FALSE
"213","Axoclinus nigricaudus",18,"Fish and Inverts (Ramesh)","Tripterygiidae",FALSE
"214","Balistes vetula",75,"Fish and Inverts (Ramesh)","Balistidae",FALSE
"215","Bathygobius soporator",30,"Fish and Inverts (Ramesh)","Gobiidae",FALSE
"216","Boops boops",16.9,"Fish and Inverts (Ramesh)","Sparidae",TRUE
"217","Bothus podas",33.7,"Fish and Inverts (Ramesh)","Bothidae",FALSE
"218","Caesio cuning",45,"Fish and Inverts (Ramesh)","Caesionidae",FALSE
"219","Chaetodon citrinellus",45,"Fish and Inverts (Ramesh)","Chaetodontidae",FALSE
"220","Chaetodon quadrimaculatus",45,"Fish and Inverts (Ramesh)","Chaetodontidae",FALSE
"221","Chanos chanos",21,"Fish and Inverts (Ramesh)","Chanidae",TRUE
"222","Chelidonichthys spinosus",19,"Fish and Inverts (Ramesh)","Triglidae",FALSE
"223","Chionodraco hamatus",547,"Fish and Inverts (Ramesh)","Channichthyidae",FALSE
"224","Chromis atripectoralis",21,"Fish and Inverts (Ramesh)","Pomacentridae",FALSE
"225","Chromis punctipinnis",35,"Fish and Inverts (Ramesh)","Pomacentridae",FALSE
"226","Chromis xanthura",25,"Fish and Inverts (Ramesh)","Pomacentridae",FALSE
"227","Chrysiptera glauca",25,"Fish and Inverts (Ramesh)","Pomacentridae",FALSE
"228","Clevelandia ios",21,"Fish and Inverts (Ramesh)","Gobiidae",FALSE
"229","Clinocottus analis",42,"Fish and Inverts (Ramesh)","Cottidae",FALSE
"230","Coris julis",35,"Fish and Inverts (Ramesh)","Labridae",FALSE
"231","Ctenolabrus rupestris",20.9,"Fish and Inverts (Ramesh)","Labridae",TRUE
"232","Cynoscion nebulosus",20,"Fish and Inverts (Ramesh)","Sciaenidae",TRUE
"233","Dascyllus aruanus",23,"Fish and Inverts (Ramesh)","Pomacentridae",FALSE
"234","Dascyllus aruanus",25,"Fish and Inverts (Ramesh)","Pomacentridae",FALSE
"235","Dascyllus trimaculatus",23,"Fish and Inverts (Ramesh)","Pomacentridae",FALSE
"236","Didogobius schlieweni",26,"Fish and Inverts (Ramesh)","Gobiidae",FALSE
"237","Dissostichus mawsoni",547,"Fish and Inverts (Ramesh)","Nototheniidae",TRUE
"238","Elacatinus evelynae",22.3,"Fish and Inverts (Ramesh)","Gobiidae",FALSE
"239","Embiotoca jacksoni",0,"Fish and Inverts (Ramesh)","Embiotocidae",FALSE
"240","Engraulis mordax",30,"Fish and Inverts (Ramesh)","Engraulidae",TRUE
"241","Epinephelus merra",39,"Fish and Inverts (Ramesh)","Serranidae",TRUE
"242","Epinephelus morio",40,"Fish and Inverts (Ramesh)","Serranidae",TRUE
"243","Epinephelus morio",40,"Fish and Inverts (Ramesh)","Serranidae",TRUE
"244","Eucyclogobius newberryi",16.5,"Fish and Inverts (Ramesh)","Gobiidae",FALSE
"245","Eupomacentrus partitus",28,"Fish and Inverts (Ramesh)","Pomacentridae",FALSE
"246","Forcipiger flavissimus",45,"Fish and Inverts (Ramesh)","Chaetodontidae",FALSE
"247","Gaidropsarus mediterraneus",43,"Fish and Inverts (Ramesh)","Lotidae",FALSE
"248","Gasterosteus aculeatus",35,"Fish and Inverts (Ramesh)","Gasterosteidae",TRUE
"249","Girella nigricans",60,"Fish and Inverts (Ramesh)","Kyphosidae",FALSE
"250","Gnatholepis thompsoni",81.5,"Fish and Inverts (Ramesh)","Gobiidae",FALSE
"251","Gobionotothen gibberifrons",120,"Fish and Inverts (Ramesh)","Nototheniidae",FALSE
"252","Haemulon flavolineatum",15,"Fish and Inverts (Ramesh)","Haemulidae",FALSE
"253","Haemulon flavolineatum",15,"Fish and Inverts (Ramesh)","Haemulidae",FALSE
"254","Halichoeres bivittatus",24.1,"Fish and Inverts (Ramesh)","Labridae",FALSE
"255","Halichoeres bivittatus",24.2,"Fish and Inverts (Ramesh)","Labridae",FALSE
"256","Halichoeres maculipinna",29,"Fish and Inverts (Ramesh)","Labridae",FALSE
"257","Halichoeres poey",25,"Fish and Inverts (Ramesh)","Labridae",FALSE
"258","Halichoeres radiatus",26,"Fish and Inverts (Ramesh)","Labridae",FALSE
"259","Hippocampus NA",18.5,"Fish and Inverts (Ramesh)",NA,FALSE
"260","Holocentrus ascensionis",48.7,"Fish and Inverts (Ramesh)","Holocentridae",FALSE
"261","Holocentrus ascensionis",71,"Fish and Inverts (Ramesh)","Holocentridae",FALSE
"262","Lachnolaimus maximus",26,"Fish and Inverts (Ramesh)","Labridae",TRUE
"263","Lethrinus obsoletus",14,"Fish and Inverts (Ramesh)","Lethrinidae",TRUE
"264","Lutjanus erythropterus",21,"Fish and Inverts (Ramesh)","Lutjanidae",FALSE
"265","Lythrypnus dalli",70,"Fish and Inverts (Ramesh)","Gobiidae",FALSE
"266","Malacoctenus hubbsi",24,"Fish and Inverts (Ramesh)","Labrisomidae",FALSE
"267","Medialuna californiensis",90,"Fish and Inverts (Ramesh)","Kyphosidae",FALSE
"268","Mullus surmuletus",30.1,"Fish and Inverts (Ramesh)","Mullidae",TRUE
"269","Mycteroperca NA",42,"Fish and Inverts (Ramesh)",NA,FALSE
"270","Myripristis berndti",55,"Fish and Inverts (Ramesh)","Holocentridae",FALSE
"271","Myripristis jacobus",58,"Fish and Inverts (Ramesh)","Holocentridae",FALSE
"272","Naso vlamingii",90,"Fish and Inverts (Ramesh)","Acanthuridae",FALSE
"273","Ocyurus NA",34.5,"Fish and Inverts (Ramesh)",NA,FALSE
"274","Ophioblennius atlanticus",28.6,"Fish and Inverts (Ramesh)","Blenniidae",FALSE
"275","Ophioblennius steindachneri",50,"Fish and Inverts (Ramesh)","Blenniidae",FALSE
"276","Ostorhinchus doederleini",21,"Fish and Inverts (Ramesh)","Apogonidae",FALSE
"277","Pagellus NA",43.9,"Fish and Inverts (Ramesh)",NA,FALSE
"278","Paralabrax clathratus",24,"Fish and Inverts (Ramesh)","Serranidae",FALSE
"279","Parupeneus barberinus",7,"Fish and Inverts (Ramesh)","Mullidae",FALSE
"280","Plectroglyphydodon dickii",25,"Fish and Inverts (Ramesh)","Pomacentridae",FALSE
"281","Pomacentrus coelestis",19,"Fish and Inverts (Ramesh)","Pomacentridae",FALSE
"282","Pomacentrus pavo",25,"Fish and Inverts (Ramesh)","Pomacentridae",FALSE
"283","Pomatoschistus minutus",35,"Fish and Inverts (Ramesh)","Gobiidae",FALSE
"284","Pterapogon kauderni",0,"Fish and Inverts (Ramesh)","Apogonidae",FALSE
"285","Pterocaesio chrysozona",42,"Fish and Inverts (Ramesh)","Caesionidae",FALSE
"286","Rhinecanthus aculeatus",73,"Fish and Inverts (Ramesh)","Balistidae",FALSE
"287","Sarpa salpa",31.7,"Fish and Inverts (Ramesh)","Sparidae",TRUE
"288","Sciaena umbra",22.5,"Fish and Inverts (Ramesh)","Sciaenidae",FALSE
"289","Scorpaena NA",27,"Fish and Inverts (Ramesh)",NA,FALSE
"290","Sebastes atrovirens",75,"Fish and Inverts (Ramesh)","Sebastidae",FALSE
"291","Sebastes auriculatus",90,"Fish and Inverts (Ramesh)","Sebastidae",FALSE
"292","Sebastes caurinus",75,"Fish and Inverts (Ramesh)","Sebastidae",FALSE
"293","Sebastes crameri",90,"Fish and Inverts (Ramesh)","Sebastidae",TRUE
"294","Sebastes rastrelliger",60,"Fish and Inverts (Ramesh)","Sebastidae",FALSE
"295","Semicossyphus pulcher",53,"Fish and Inverts (Ramesh)","Labridae",TRUE
"296","Serranus NA",37.5,"Fish and Inverts (Ramesh)",NA,FALSE
"297","Siganus luridus",14,"Fish and Inverts (Ramesh)","Siganidae",FALSE
"298","Sparisoma viride",57,"Fish and Inverts (Ramesh)","Scaridae",FALSE
"299","Spondyliosoma cantharus",33.7,"Fish and Inverts (Ramesh)","Sparidae",TRUE
"300","Stegastes fasciolatus",34.5,"Fish and Inverts (Ramesh)","Pomacentridae",FALSE
"301","Stegastes leucostictus",24.5,"Fish and Inverts (Ramesh)","Pomacentridae",FALSE
"302","Stegastes nigricans",24,"Fish and Inverts (Ramesh)","Pomacentridae",FALSE
"303","Stegastes nigricans",24,"Fish and Inverts (Ramesh)","Pomacentridae",FALSE
"304","Thalassoma bifasciatum",45,"Fish and Inverts (Ramesh)","Labridae",FALSE
"305","Thalassoma bifasciatum",49.3,"Fish and Inverts (Ramesh)","Labridae",FALSE
"306","Trachinus draco",12.9,"Fish and Inverts (Ramesh)","Trachinidae",TRUE
"307","Trigla lucerna",19.1,"Fish and Inverts (Ramesh)","Triglidae",FALSE
"308","Mustelus NA",0,"Fish and Inverts (Ramesh)",NA,FALSE
"309","Sphyrna NA",0,"Fish and Inverts (Ramesh)",NA,FALSE
"310","Carcharhinus NA",0,"Fish and Inverts (Ramesh)",NA,FALSE
"311","Acanthaster planci",21,"Fish and Inverts (Ramesh)","Acanthasteridae",FALSE
"312","Luidia foliolata",100.5,"Fish and Inverts (Ramesh)","Luidiidae",FALSE
"313","Patiriella calcar",10,"Fish and Inverts (Ramesh)","Asterinidae",FALSE
"314","Patiriella exigua",0,"Fish and Inverts (Ramesh)","Asterinidae",FALSE
"315","Pisaster ochraceus",152,"Fish and Inverts (Ramesh)","Asteriidae",FALSE
"316","Pycnopodia helianthoides",118,"Fish and Inverts (Ramesh)","Asteriidae",FALSE
"317","Allocentrotus fragilis",196.5,"Fish and Inverts (Ramesh)","Strongylocentrotidae",FALSE
"318","Brisaster latifrons",117,"Fish and Inverts (Ramesh)","Schizasteridae",FALSE
"319","Dendraster excentricus",115,"Fish and Inverts (Ramesh)","Dendrasteridae",FALSE
"320","Echinometra lucunter",14,"Fish and Inverts (Ramesh)","Echinometridae",FALSE
"321","Heliocidaris erythrogramma",3.5,"Fish and Inverts (Ramesh)","Echinometridae",FALSE
"322","Heliocidaris tuberculata",21,"Fish and Inverts (Ramesh)","Echinometridae",FALSE
"323","Paracentrotus lividus",30,"Fish and Inverts (Ramesh)","Parechinidae",FALSE
"324","Slrongylocentrotus droebachiensis",101.5,"Fish and Inverts (Ramesh)","Strongylocentrotidae",FALSE
"325","Slrongylocentrotus franciscanus",96.5,"Fish and Inverts (Ramesh)","Strongylocentrotidae",FALSE
"326","Slrongylocentrotus pallidus",63,"Fish and Inverts (Ramesh)","Strongylocentrotidae",FALSE
"327","Strongylocentrotus droebachiens",88,"Fish and Inverts (Ramesh)","Strongylocentrotidae",FALSE
"328","Strongylocentrotus franciscanus",100,"Fish and Inverts (Ramesh)","Strongylocentrotidae",FALSE
"329","Strongylocentrotus purpuratus",60,"Fish and Inverts (Ramesh)","Strongylocentrotidae",FALSE
"330","Strongylocentrotus purpuratus",88,"Fish and Inverts (Ramesh)","Strongylocentrotidae",FALSE
"331","Cucumaria miniata",12,"Fish and Inverts (Ramesh)","Cucumariidae",FALSE
"332","Cucumaria pseudocurata",0,"Fish and Inverts (Ramesh)","Cucumariidae",FALSE
"333","Holothuria nobilis",28,"Fish and Inverts (Ramesh)","Holothuriidae",FALSE
"334","Parastichopus californicus",71,"Fish and Inverts (Ramesh)","Stichopodidae",FALSE
"335","Ophiopholis aculeata",149.5,"Fish and Inverts (Ramesh)","Ophiopholidae",FALSE
"336","Crassostrea virginica",17.5,"Fish and Inverts (Ramesh)","Ostreidae",TRUE
"337","Mytilus chilensis",45,"Fish and Inverts (Ramesh)","Mytilidae",FALSE
"338","Ostrea edulis",10,"Fish and Inverts (Ramesh)","Ostreidae",FALSE
"339","Panopea abrupta",32,"Fish and Inverts (Ramesh)","Hiatellidae",TRUE
"340","Panopea abrupta",32,"Fish and Inverts (Ramesh)","Hiatellidae",TRUE
"341","Pecten jacobaeus",24.5,"Fish and Inverts (Ramesh)","Pectinidae",TRUE
"342","Pecten maximus",24.5,"Fish and Inverts (Ramesh)","Pectinidae",TRUE
"343","Tridacna derasa",8.5,"Fish and Inverts (Ramesh)","Cardiidae",FALSE
"344","Tridacna gigas",8.5,"Fish and Inverts (Ramesh)","Cardiidae",FALSE
"345","Tridacna maxima",8.5,"Fish and Inverts (Ramesh)","Cardiidae",FALSE
"346","Tridacna maxima",8.5,"Fish and Inverts (Ramesh)","Cardiidae",FALSE
"347","Adalaria proxima",1.5,"Fish and Inverts (Ramesh)","Onchidorididae",FALSE
"348","Aplysia californica",35,"Fish and Inverts (Ramesh)","Aplysiidae",FALSE
"349","Bedeva hanleyi",0,"Fish and Inverts (Ramesh)","Muricidae",FALSE
"350","Buccinum undatum",0,"Fish and Inverts (Ramesh)","Buccinidae",TRUE
"351","Cellana ornata",7,"Fish and Inverts (Ramesh)","Nacellidae",FALSE
"352","Cellana radians",7,"Fish and Inverts (Ramesh)","Nacellidae",FALSE
"353","Cominella lineolata",0,"Fish and Inverts (Ramesh)","Cominellidae",FALSE
"354","Cuthona adyarensis",13.83,"Fish and Inverts (Ramesh)","Cuthonidae",FALSE
"355","Dolabella aunculana",131.06,"Fish and Inverts (Ramesh)","Aplysiidae",FALSE
"356","Goniodoris nodosa",80.5,"Fish and Inverts (Ramesh)","Goniodorididae",FALSE
"357","Haliotis cracherodii",7.5,"Fish and Inverts (Ramesh)","Haliotidae",FALSE
"358","Haliotis midae",6,"Fish and Inverts (Ramesh)","Haliotidae",FALSE
"359","Littorina littorea",35,"Fish and Inverts (Ramesh)","Littorinidae",FALSE
"360","Littorina saxatilis",0,"Fish and Inverts (Ramesh)","Littorinidae",FALSE
"361","Morula marginalba",31.5,"Fish and Inverts (Ramesh)","Muricidae",FALSE
"362","Salmacis bicolor",23,"Inverts (Marshall)","Temnopleuridae",FALSE
"363","Macrophiothrix lorioli",23,"Inverts (Marshall)","Ophiotricidae",FALSE
"364","Macrophiothrix belli",3,"Inverts (Marshall)","Ophiotricidae",FALSE
"365","Macrophiothrix longipeda",14,"Inverts (Marshall)","Ophiotrichidae",FALSE
"366","Macrophiothrix rhabdota",6.88,"Inverts (Marshall)","Ophiotricidae",FALSE
"367","Macrophiothrix nereidina",2.95,"Inverts (Marshall)","Ophiotrichidae",FALSE
"368","Macrophiothrix koehleri",32,"Inverts (Marshall)","Ophiotrichidae",FALSE
"369","Macrophiothrix caenosa",5,"Inverts (Marshall)","Ophiotricidae",FALSE
"370","Asthenosoma ijimai",21,"Inverts (Marshall)","Echinothuriidae",FALSE
"371","Crepidula plana",13,"Inverts (Marshall)","Calyptraeidae",FALSE
"372","Leitoscoloplos fragilis",4,"Inverts (Marshall)","Orbiniidae",FALSE
"373","Echinaster echinophorus",6,"Inverts (Marshall)","Echinasteridae",FALSE
"374","Echinaster echinophorus",6,"Inverts (Marshall)","Echinasteridae",FALSE
"375","Echinaster echinophorus",6,"Inverts (Marshall)","Echinasteridae",FALSE
"376","Echinaster echinophorus",6,"Inverts (Marshall)","Echinasteridae",FALSE
"377","Echinaster echinophorus",6,"Inverts (Marshall)","Echinasteridae",FALSE
"378","Echinaster echinophorus",6,"Inverts (Marshall)","Echinasteridae",FALSE
"379","Echinaster echinophorus",6,"Inverts (Marshall)","Echinasteridae",FALSE
"380","Echinaster echinophorus",6,"Inverts (Marshall)","Echinasteridae",FALSE
"381","Coscinasterias calamaria",27,"Inverts (Marshall)","Asteriidae",FALSE
"382","Stichaster australis",38,"Inverts (Marshall)","Asteriidae",FALSE
"383","Strongylocentrotus purpuratus",51,"Inverts (Marshall)","Strongylocentrotidae",FALSE
"384","Melibe leonina",38,"Inverts (Marshall)","Tethydidae",FALSE
"385","Mediaster aequalis",33,"Inverts (Marshall)","Goniasteridae",FALSE
"386","Pseudopolydora kempi",2,"Inverts (Marshall)","Spionidae",FALSE
"387","Marenzelleria viridis",12,"Inverts (Marshall)","Spionidae",FALSE
"388","Sabellastarte spectabilis",6.67,"Inverts (Marshall)","Sabellidae",FALSE
"389","Cryptasterina pentagona",6,"Inverts (Marshall)","Asterinidae",FALSE
"390","Cryptasterina pentagona",6,"Inverts (Marshall)","Asterinidae",FALSE
"391","Aplysia californica",35,"Inverts (Marshall)","Aplysiidae",FALSE
"392","Hydroides elegans",4.5,"Inverts (Marshall)","Serpulidae",FALSE
"393","Rostanga pulchra",35,"Inverts (Marshall)","Rostangidae",FALSE
"394","Ophiarachnella gorgonia",2.5,"Inverts (Marshall)","Ophiodermatidae",FALSE
"395","Odostomia columbiana",70,"Inverts (Marshall)","Odostomiidae",FALSE
"396","Crepipatella lingulata",38,"Inverts (Marshall)","Calyptraeidae",FALSE
"397","Crepidula incurva",17,"Inverts (Marshall)","Calyptraeidae",FALSE
"398","Crepidula lessoni",17,"Inverts (Marshall)","Calyptraeidae",FALSE
"399","Crepidula onyx",23,"Inverts (Marshall)","Calyptraeidae",FALSE
"400","Crepidula marginalis",19.5,"Inverts (Marshall)","Calyptraeidae",FALSE
"401","Crucibulum",22,"Inverts (Marshall)","Calyptraeidae",FALSE
"402","Amphibalanus amphitrite",8,"Inverts (Marshall)","Balanidae",FALSE
"403","Dipolydora giardi",25,"Inverts (Marshall)","Spionidae",FALSE
"404","Scolelepis fulginosa",34,"Inverts (Marshall)","Spionidae",FALSE
"405","Myxicola infundibulum",6.5,"Inverts (Marshall)","Sabellidae",FALSE
"406","Evechinus chloroticus",31.3,"Inverts (Marshall)","Echinometridae",FALSE
"407","Encope michelini",14,"Inverts (Marshall)","Mellitidae",FALSE
"408","Encope michelini",14,"Inverts (Marshall)","Mellitidae",FALSE
"409","Austromegabalanus nigrescens",18,"Inverts (Marshall)","Balanidae",FALSE
"410","Heliocidaris tuberculata",30,"Inverts (Marshall)","Echinometridae",FALSE
"411","Clypeaster subdepressus",16,"Inverts (Marshall)","Clypeasteridae",FALSE
"412","Clypeaster rosaceus",7,"Inverts (Marshall)","Clypeasteridae",FALSE
"413","Echinometra lucunter",23,"Inverts (Marshall)","Echinometridae",FALSE
"414","Echinometra vanbrunti",18,"Inverts (Marshall)","Echinometridae",FALSE
"415","Tridacna squamosa",11,"Inverts (Marshall)","Cardiidae",FALSE
"416","Acteocina canaliculata",6.5,"Inverts (Marshall)","Cylichnidae",FALSE
"417","Asterias rubens",52.5,"Inverts (Marshall)","Asteriidae",FALSE
"418","Crossaster papposus",19,"Inverts (Marshall)","Solasteridae",FALSE
"419","Arbacia lixula",26,"Inverts (Marshall)","Arbaciidae",FALSE
"420","Haminoea vesicula",32,"Inverts (Marshall)","Atyidae",FALSE
"421","Pycnopodia helianthoides",65,"Inverts (Marshall)","Asteriidae",FALSE
"422","Scottolana canadensis",5,"Inverts (Marshall)","Canuellidae",FALSE
"423","Strongylocentrotus droebachiensis",36.5,"Inverts (Marshall)","Strongylocentrotidae",FALSE
"424","Brisaster latifrons",35,"Inverts (Marshall)","Schizasteridae",FALSE
"425","Echinarachnius parma",32,"Inverts (Marshall)","Echinarachniidae",FALSE
"426","Corambe steinbergae",34,"Inverts (Marshall)","Corambidae",FALSE
"427","Corambe obscura",13,"Inverts (Marshall)","Corambidae",FALSE
"428","Phidiana lynceus",7,"Inverts (Marshall)","Facelinidae",FALSE
"429","Tritonia hombergii",43,"Inverts (Marshall)","Tritoniidae",FALSE
"430","Acanthaster planci",38,"Inverts (Marshall)","Acanthasteridae",FALSE
"431","Encope michelini",7,"Inverts (Marshall)","Mellitidae",FALSE
"432","Encope michelini",7,"Inverts (Marshall)","Mellitidae",FALSE
"433","Astropecten aranciacus",80,"Inverts (Marshall)","Astropectinidae",FALSE
"434","Aquilonastra burtoni",5,"Inverts (Marshall)","Asterinidae",FALSE
"435","Arachnoides placenta",10,"Inverts (Marshall)","Clypeasteridae",FALSE
"436","Aquilonastra batheri",10,"Inverts (Marshall)","Asterinidae",FALSE
"437","Echinaster echinophorus",10,"Inverts (Marshall)","Echinasteridae",FALSE
"438","Echinaster echinophorus",10,"Inverts (Marshall)","Echinasteridae",FALSE
"439","Echinaster echinophorus",10,"Inverts (Marshall)","Echinasteridae",FALSE
"440","Echinaster echinophorus",10,"Inverts (Marshall)","Echinasteridae",FALSE
"441","Echinaster echinophorus",10,"Inverts (Marshall)","Echinasteridae",FALSE
"442","Echinaster echinophorus",10,"Inverts (Marshall)","Echinasteridae",FALSE
"443","Echinaster echinophorus",10,"Inverts (Marshall)","Echinasteridae",FALSE
"444","Echinaster echinophorus",10,"Inverts (Marshall)","Echinasteridae",FALSE
"445","Ameritella mitchelli",6.5,"Inverts (Marshall)","Tellinidae",FALSE
"446","Conus canonicus",21,"Inverts (Marshall)","Conidae",FALSE
"447","Conus moreleti",28,"Inverts (Marshall)","Conidae",FALSE
"448","Conus geographus",27,"Inverts (Marshall)","Conidae",FALSE
"449","Conus imperialis",22,"Inverts (Marshall)","Conidae",FALSE
"450","Conus varius",27,"Inverts (Marshall)","Conidae",FALSE
"451","Conus aristophanes",25,"Inverts (Marshall)","Conidae",FALSE
"452","Conus eburneus",28,"Inverts (Marshall)","Conidae",FALSE
"453","Conus bandanus",15,"Inverts (Marshall)","Conidae",FALSE
"454","Conus omaria",12,"Inverts (Marshall)","Conidae",FALSE
"455","Conus chaldaeus",25,"Inverts (Marshall)","Conidae",FALSE
"456","Conus araneosus",1.5,"Inverts (Marshall)","Conidae",FALSE
"457","Conus suratensis",23,"Inverts (Marshall)","Conidae",FALSE
"458","Conus distans",28,"Inverts (Marshall)","Conidae",FALSE
"459","Conus planorbis",22,"Inverts (Marshall)","Conidae",FALSE
"460","Conus capitaneus",28.5,"Inverts (Marshall)","Conidae",FALSE
"461","Conus tessulatus",19,"Inverts (Marshall)","Conidae",FALSE
"462","Conus litteratus",23,"Inverts (Marshall)","Conidae",FALSE
"463","Conus miles",21,"Inverts (Marshall)","Conidae",FALSE
"464","Conus striatellus",24,"Inverts (Marshall)","Conidae",FALSE
"465","Conus striolatus",21,"Inverts (Marshall)","Conidae",FALSE
"466","Conus pennaceus",17,"Inverts (Marshall)","Conidae",FALSE
"467","Conus stercusmuscarum",20,"Inverts (Marshall)","Conidae",FALSE
"468","Conus coffeae",21,"Inverts (Marshall)","Conidae",FALSE
"469","Conus frigidus",22,"Inverts (Marshall)","Conidae",FALSE
"470","Astropecten gisselbrecht",3.38,"Inverts (Marshall)","Astropectentida",FALSE
"471","Ctenopleura fisheri",15,"Inverts (Marshall)","Astropectinidae",FALSE
"472","Aquilonastra coronata",30,"Inverts (Marshall)","Asterinidae",FALSE
"473","Aquilonastra minor",10,"Inverts (Marshall)","Asterinidae",FALSE
"474","Alderia willowi",1.5,"Inverts (Marshall)","Limapontiidae",FALSE
"475","Alderia willowi",1.5,"Inverts (Marshall)","Limapontiidae",FALSE
"476","Alderia willowi",32,"Inverts (Marshall)","Limapontiidae",FALSE
"477","Alderia willowi",32,"Inverts (Marshall)","Limapontiidae",FALSE
"478","Alderia modesta",30.5,"Inverts (Marshall)","Limapontiidae",FALSE
"479","Elysia marcusi",5.5,"Inverts (Marshall)","Plakobranchidae",FALSE
"480","Ficopomatus miamiensis",4,"Inverts (Marshall)","Serpulidae",FALSE
"481","Clione limacina",17.5,"Inverts (Marshall)","Clionidae",FALSE
"482","Branchiomma luctuosum",5,"Inverts (Marshall)","Sabellidae",FALSE
"483","Echinus esculentus",42,"Inverts (Marshall)","Echinidae",FALSE
"484","Galeolaria caespitosa",12,"Inverts (Marshall)","Serpulidae",FALSE
"485","Conus consors",7,"Inverts (Marshall)","Conidae",FALSE
"486","Lytechinus variegatus",37,"Inverts (Marshall)","Toxopneustidae",FALSE
"487","Pteraster tesselatus",11,"Inverts (Marshall)","Pterasteridae",FALSE
"488","Psolidium bullatum",8,"Inverts (Marshall)","Psolidae",FALSE
"489","Psolus chitonoides",28,"Inverts (Marshall)","Psolidae",FALSE
"490","Doris montereyensis",0.5,"Inverts (Marshall)","Dorididae",FALSE
"491","Eupolymnia heterobranchia",7,"Inverts (Marshall)","Terebellidae",FALSE
"492","Thelepus crispus",2,"Inverts (Marshall)","Terebellidae",FALSE
"493","Eucidaris tribuloides",25,"Inverts (Marshall)","Cidaridae",FALSE
"494","Actinopyga serratidens",28,"Inverts (Marshall)","Holothuriidae",FALSE
"495","Actinopyga echinites",18,"Inverts (Marshall)","Holothuriidae",FALSE
"496","Amphiura chiajei",7,"Inverts (Marshall)","Amphiuridae",FALSE
"497","Apostichopus japonicus",14,"Inverts (Marshall)","Stichopodidae",FALSE
"498","Arbacia punctulata",24,"Inverts (Marshall)","Curculionoidea",FALSE
"499","Aslia lefevrei",49,"Inverts (Marshall)","Cucumariidae",FALSE
"500","Asterias forbesi",25,"Inverts (Marshall)","Asteriidae",FALSE
"501","Asteropsis carinifera",30,"Inverts (Marshall)","Asteropseidae",FALSE
"502","Astriclypeus mannii",25,"Inverts (Marshall)","Astriclypeidae",FALSE
"503","Astropecten velitaris",5.5,"Inverts (Marshall)","Astropectinidae",FALSE
"504","Astropecten polyacanthus",3.5,"Inverts (Marshall)","Astropectinidae",FALSE
"505","Certonardoa semiregularis",21,"Inverts (Marshall)","Ophidiasteridae",FALSE
"506","Cryptasterina pentagona",10,"Inverts (Marshall)","Asterinidae",FALSE
"507","Cryptasterina pentagona",10,"Inverts (Marshall)","Asterinidae",FALSE
"508","Cucumaria piperata",8.5,"Inverts (Marshall)","Cucumariidae",FALSE
"509","Cucumaria frondosa",46,"Inverts (Marshall)","Cucumariidae",FALSE
"510","Diadema setosum",45,"Inverts (Marshall)","Diadematidae",FALSE
"511","Echinaster purpureus",4,"Inverts (Marshall)","Echinasteridae",FALSE
"512","Echinocardium cordatum",27,"Inverts (Marshall)","Loveniidae",FALSE
"513","Eucidaris metularia",30,"Inverts (Marshall)","Cidaridae",FALSE
"514","Eucidaris thouarsii",30,"Inverts (Marshall)","Cidaridae",FALSE
"515","Eupentacta fraudatrix",6.5,"Inverts (Marshall)","Sclerodactylida",FALSE
"516","Eupentacta quinquesemita",7,"Inverts (Marshall)","Sclerodactylidae",FALSE
"517","Fromia ghardaqana",24,"Inverts (Marshall)","Ophidiasteridae",FALSE
"518","Henricia sanguinolenta",42,"Inverts (Marshall)","Echinasteridae",FALSE
"519","Henricia lisa",45,"Inverts (Marshall)","Echinasteridae",FALSE
"520","Heterocentrotus mamillatus",8,"Inverts (Marshall)","Echinometridae",FALSE
"521","Holothuria",14,"Inverts (Marshall)","Holothuriidae",FALSE
"522","Holothuria",14,"Inverts (Marshall)","Holothuriidae",FALSE
"523","Holothuria",14,"Inverts (Marshall)","Holothuriidae",FALSE
"524","Holothuria",14,"Inverts (Marshall)","Holothuriidae",FALSE
"525","Holothuria",14,"Inverts (Marshall)","Holothuriidae",FALSE
"526","Holothuria",14,"Inverts (Marshall)","Holothuriidae",FALSE
"527","Holothuria",28,"Inverts (Marshall)","Holothuriidae",FALSE
"528","Holothuria",28,"Inverts (Marshall)","Holothuriidae",FALSE
"529","Holothuria",28,"Inverts (Marshall)","Holothuriidae",FALSE
"530","Holothuria",28,"Inverts (Marshall)","Holothuriidae",FALSE
"531","Holothuria",28,"Inverts (Marshall)","Holothuriidae",FALSE
"532","Holothuria",28,"Inverts (Marshall)","Holothuriidae",FALSE
"533","Holothuria",28,"Inverts (Marshall)","Holothuriidae",FALSE
"534","Holothuria",28,"Inverts (Marshall)","Holothuriidae",FALSE
"535","Holothuria",28,"Inverts (Marshall)","Holothuriidae",FALSE
"536","Holothuria",28,"Inverts (Marshall)","Holothuriidae",FALSE
"537","Holothuria",28,"Inverts (Marshall)","Holothuriidae",FALSE
"538","Holothuria",28,"Inverts (Marshall)","Holothuriidae",FALSE
"539","Holothuria",14,"Inverts (Marshall)","Holothuriidae",FALSE
"540","Holothuria",14,"Inverts (Marshall)","Holothuriidae",FALSE
"541","Holothuria",14,"Inverts (Marshall)","Holothuriidae",FALSE
"542","Holothuria",14,"Inverts (Marshall)","Holothuriidae",FALSE
"543","Holothuria",14,"Inverts (Marshall)","Holothuriidae",FALSE
"544","Holothuria",14,"Inverts (Marshall)","Holothuriidae",FALSE
"545","Holothuria",15,"Inverts (Marshall)","Holothuriidae",FALSE
"546","Holothuria",15,"Inverts (Marshall)","Holothuriidae",FALSE
"547","Holothuria",15,"Inverts (Marshall)","Holothuriidae",FALSE
"548","Holothuria",15,"Inverts (Marshall)","Holothuriidae",FALSE
"549","Holothuria",15,"Inverts (Marshall)","Holothuriidae",FALSE
"550","Holothuria",15,"Inverts (Marshall)","Holothuriidae",FALSE
"551","Holothuria",12,"Inverts (Marshall)","Holothuriidae",FALSE
"552","Holothuria",12,"Inverts (Marshall)","Holothuriidae",FALSE
"553","Holothuria",12,"Inverts (Marshall)","Holothuriidae",FALSE
"554","Holothuria",12,"Inverts (Marshall)","Holothuriidae",FALSE
"555","Holothuria",12,"Inverts (Marshall)","Holothuriidae",FALSE
"556","Holothuria",12,"Inverts (Marshall)","Holothuriidae",FALSE
"557","Iconaster longimanus",10,"Inverts (Marshall)","Goniasteridae",FALSE
"558","Jacksonaster depressum",14,"Inverts (Marshall)","Laganidae",FALSE
"559","Labidoplax buskii",11.5,"Inverts (Marshall)","Synaptidae",FALSE
"560","Leptopentacta elongata",9,"Inverts (Marshall)","Cucumariidae",FALSE
"561","Loxechinus albus",26.5,"Inverts (Marshall)","Parechinidae",TRUE
"562","Luidia alternata",13,"Inverts (Marshall)","Luidiidae",FALSE
"563","Luidia senegalensis",18,"Inverts (Marshall)","Luidiidae",FALSE
"564","Luidia quinaria",36,"Inverts (Marshall)","Luidiidae",FALSE
"565","Luidia ciliaris",28,"Inverts (Marshall)","Luidiidae",FALSE
"566","Luidia savignyi",12,"Inverts (Marshall)","Luidiidae",FALSE
"567","Luidia clathrata",28,"Inverts (Marshall)","Luidiidae",FALSE
"568","Lytechinus pictus",24,"Inverts (Marshall)","Toxopneustidae",FALSE
"569","Meridiastra gunnii",14,"Inverts (Marshall)","Asterinidae",FALSE
"570","Meridiastra calcar",14,"Inverts (Marshall)","Asterinidae",FALSE
"571","Metacrinus rotundus",11,"Inverts (Marshall)","Isselicrinidae",FALSE
"572","Molpadia intermedia",6.5,"Inverts (Marshall)","Molpadiidae",FALSE
"573","Nudechinus gravieri",15,"Inverts (Marshall)","Toxopneustidae",FALSE
"574","Ophiocomina nigra",37.5,"Inverts (Marshall)","Ophiotomidae",FALSE
"575","Ophioderma brevispina",5,"Inverts (Marshall)","Ophiodermatidae",FALSE
"576","Ophiomaza cacaotica",13,"Inverts (Marshall)","Ophiotrichidae",FALSE
"577","Ophioplocus japonicus",6,"Inverts (Marshall)","Hemieuryalidae",FALSE
"578","Ophiothrix",21,"Inverts (Marshall)","Ophiotrichidae",FALSE
"579","Ophiothrix fragilis",26,"Inverts (Marshall)","Ophiothricidae",FALSE
"580","Paracaudina chilensis",13,"Inverts (Marshall)","Caudinidae",FALSE
"581","Parechinus angulosus",56,"Inverts (Marshall)","Echinidae",FALSE
"582","Patiria miniata",38,"Inverts (Marshall)","Asterinidae",FALSE
"583","Pentamera populifera",6.5,"Inverts (Marshall)","Phyllophoridae",FALSE
"584","Prionocidaris baculosa",25,"Inverts (Marshall)","Cidaridae",FALSE
"585","Psammechinus miliaris",58,"Inverts (Marshall)","Echinidae",FALSE
"586","Pseudocnus echinatus",7.5,"Inverts (Marshall)","Cucumariidae",FALSE
"587","Psolus fabricii",55,"Inverts (Marshall)","Psolidae",FALSE
"588","Psolus phantapus",58.5,"Inverts (Marshall)","Psolidae",FALSE
"589","Scaphechinus mirabilis",29,"Inverts (Marshall)","Scutellidae",FALSE
"590","Solaster endeca",76,"Inverts (Marshall)","Solasteridae",FALSE
"591","Stichopus",12,"Inverts (Marshall)","Stichopodidae",FALSE
"592","Strongylocentrotus intermedius",32.5,"Inverts (Marshall)","Strongylocentro",FALSE
"593","Tetrapygus niger",107,"Inverts (Marshall)","Arbaciidae",FALSE
"594","Tripneustes gratilla",18,"Inverts (Marshall)","Toxopneustidae",FALSE
"595","Lobophytum compactum",5.5,"Inverts (Marshall)","Alcyoniidae",FALSE
"596","Vermetus",1,"Inverts (Marshall)","Vermetidae",FALSE
"597","Leodia sexiesperforata",5,"Inverts (Marshall)","Mellitidae",FALSE
"598","Mellita tenuis",10,"Inverts (Marshall)","Mellitidae",FALSE
"599","Florometra serratissima",5,"Inverts (Marshall)","Antedonidae",FALSE
"600","Ophiothrix oerstedii",4.3,"Inverts (Marshall)","Ophiothricidae",FALSE
"601","Ophiocoma pumila",90,"Inverts (Marshall)","Ophiocomidae",FALSE
"602","Conopea galeata",11.5,"Inverts (Marshall)","Archaeobalanida",FALSE
"603","Tegula funebralis",5,"Inverts (Marshall)","Tegulidae",FALSE
"604","Holopneustes purpurascens",8,"Inverts (Marshall)","Temnopleuridae",FALSE
"605","Peronella japonica",2,"Inverts (Marshall)","Laganidae",FALSE
"606","Phyllacanthus imperialis",4,"Inverts (Marshall)","Cidaridae",FALSE
"607","Echinometra mathaei",40,"Inverts (Marshall)","Echinometridae",FALSE
"608","Heliocidaris crassispina",37,"Inverts (Marshall)","Echinometridae",FALSE
"609","Mespilia globulus",35,"Inverts (Marshall)","Temnopleuridae",FALSE
"610","Pecten maximus",26,"Inverts (Marshall)","Pectinidae",TRUE
"611","Neverita lewisii",35,"Inverts (Marshall)","Naticidae",FALSE
"612","Conus lividus",50,"Inverts (Marshall)","Conidae",FALSE
"613","Conus marmoreus",10,"Inverts (Marshall)","Conidae",FALSE
"614","Conus textile",16,"Inverts (Marshall)","Conidae",FALSE
"615","Conus abbreviatus",32,"Inverts (Marshall)","Conidae",FALSE
"616","Conus striatus",20,"Inverts (Marshall)","Scelionidae",FALSE
"617","Conus quercinus",30,"Inverts (Marshall)","Conidae",FALSE
"618","Conus flavidus",23,"Inverts (Marshall)","Conidae",FALSE
"619","Holothuria (Metriatyla) scabra",15.5,"Inverts (Marshall)","Holothuriidae",FALSE
"620","Schistomeringos rudolphi",8,"Inverts (Marshall)","Dorvilleidae",FALSE
"621","Clytia gregaria",7.5,"Inverts (Marshall)","Campanulariidae",FALSE
"622","Hydroides dianthus",5,"Inverts (Marshall)","Serpulidae",FALSE
"623","Spirobranchus triqueter",21,"Inverts (Marshall)","Serpulidae",FALSE
"624","Loimia medusa",30,"Inverts (Marshall)","Terebellidae",FALSE
"625","Macrophiothrix spongicola",30,"Inverts (Marshall)","Ophiotricidae",FALSE
"626","Ophiactis resiliens",60,"Inverts (Marshall)","Ophiactidae",FALSE
"627","Ophionereis schayeri",6.5,"Inverts (Marshall)","Ophionereididae",FALSE
"628","Littorina brevicula",7,"Inverts (Marshall)","Littorinidae",FALSE
"629","Ophiolepis elegans",2,"Inverts (Marshall)","Ophiurudae",FALSE
"630","Ophiolepis elegans",2,"Inverts (Marshall)","Ophiurudae",FALSE
"631","Ophiolepis elegans",2,"Inverts (Marshall)","Ophiurudae",FALSE
"632","Ophiolepis elegans",2,"Inverts (Marshall)","Ophiurudae",FALSE
"633","Apostichopus californicus",71,"Inverts (Marshall)","Stichopodidae",FALSE
"634","Dendraster excentricus",115,"Inverts (Marshall)","Dendrasteridae",FALSE
"635","Luidia foliolata",100.5,"Inverts (Marshall)","Luidiidae",FALSE
"636","Ophiopholis aculeata",30,"Inverts (Marshall)","Ophiopholidae",FALSE
"637","Pisaster ochraceus",152,"Inverts (Marshall)","Asteriidae",FALSE
"638","Aplysia dactylomela",30,"Inverts (Marshall)","Aplysiidae",FALSE
"639","Aplysia juliana",28,"Inverts (Marshall)","Aplysiidae",FALSE
"640","Dolabella auricularia",31,"Inverts (Marshall)","Aplysiidae",FALSE
"641","Stylocheilus longicauda",30,"Inverts (Marshall)","Aplysiidae",FALSE
"642","Echinocyamus pusillus",45,"Inverts (Marshall)","Fibulariidae",FALSE
"643","Doris pseudoargus",37,"Inverts (Marshall)","Archidorididae",FALSE
"644","Onchidoris muricata",58.5,"Inverts (Marshall)","Onchidorididae",FALSE
"645","Ophiodaphne formata",21.125,"Inverts (Marshall)","Ophiactidae",FALSE
"646","Echinometra viridis",14,"Inverts (Marshall)","Echinometridae",FALSE
"647","Elysia viridis",30,"Inverts (Marshall)","Plakobranchidae",FALSE
"648","Tripneustes ventricosus",28,"Inverts (Marshall)","Toxopneustidae",FALSE
"649","Hydroides dirampha",10,"Inverts (Marshall)","Serpulidae",FALSE
"650","Styela plicata",1,"Inverts (Marshall)","Styelidae",FALSE
"651","Uniophora granifera",4,"Inverts (Marshall)","Stichasteridae",FALSE
"652","Notomithrax peronii",34,"Inverts (Marshall)","Majidae",FALSE
"653","Bugula neritina",0.5,"Inverts (Marshall)","Bugulidae",FALSE
"654","Bugulina stolonifera",0.5,"Inverts (Marshall)","Bugulidae",FALSE
"655","Bugulina simplex",0.5,"Inverts (Marshall)","Bugulidae",FALSE
"656","Elysia chlorotica",14.5,"Inverts (Marshall)","Plakobranchidae",FALSE
"657","Heliocidaris erythrogramma",4.35,"Inverts (Marshall)","Echinometridae",FALSE
"658","Ophelia bicornis",5.5,"Inverts (Marshall)","Opheliidae",FALSE
"659","Haliotis coccoradiata",5,"Inverts (Marshall)","Haliotidae",FALSE
"660","Ophidiaster granifer",9,"Inverts (Marshall)","Ophidiasteridae",FALSE
"661","Culcita novaeguineae",17,"Inverts (Marshall)","Oreasteridae",FALSE
"662","Gomophia egyptiaca",4,"Inverts (Marshall)","Ophidiasteridae",FALSE
"663","Ectopleura crocea",1,"Inverts (Marshall)","Tubulariidae",FALSE
"664","Conus biliosus",26,"Inverts (Marshall)","Conidae",FALSE
"665","Conus coronatus",27,"Inverts (Marshall)","Conidae",FALSE
"666","Scorpaena porcus",29,"Manual input","Scorpaenidae",FALSE
"667","Scorpaena scofra",25,"Manual input","Scorpaenidae",FALSE
"668","Uropterygius micropterus",54.6,"Manual input","Muraenidae",FALSE
"669","Gymnapogon urospilotus",34.6,"Fontoura et al. 2022","Apogonidae",FALSE
"670","Acanthemblemaria aspera",20.7,"Fontoura et al. 2022","Chaenopsidae",FALSE
"671","Gillellus uranidea",20.9,"Fontoura et al. 2022","Dactyloscopidae",FALSE
"672","Barbulifer ceuthoecus",39.2,"Fontoura et al. 2022","Gobiidae",FALSE
"673","Coryphopterus kuna",61.35,"Fontoura et al. 2022","Gobiidae",FALSE
"674","Elacatinus evelynae",22.3,"Fontoura et al. 2022","Gobiidae",FALSE
"675","Elacatinus randalli",38,"Fontoura et al. 2022","Gobiidae",FALSE
"676","Eviota melasma",26.2,"Fontoura et al. 2022","Gobiidae",FALSE
"677","Eviota queenslandica",24.2,"Fontoura et al. 2022","Gobiidae",FALSE
"678","Eviota sigillata",24.7,"Fontoura et al. 2022","Gobiidae",FALSE
"679","Gobiosoma grosvenori",21.3,"Fontoura et al. 2022","Gobiidae",FALSE
"680","Paragobiodon echinocephalus",36,"Fontoura et al. 2022","Gobiidae",FALSE
"681","Paragobiodon lacunicolus",31,"Fontoura et al. 2022","Gobiidae",FALSE
"682","Paragobiodon melanosomus",42.3,"Fontoura et al. 2022","Gobiidae",FALSE
"683","Priolepis hipoliti",55.4,"Fontoura et al. 2022","Gobiidae",FALSE
"684","Trimma benjamini",33.9,"Fontoura et al. 2022","Gobiidae",FALSE
"685","Trimma nasa",33.9,"Fontoura et al. 2022","Gobiidae",FALSE
"686","Axoclinus nigricaudus",18,"Fontoura et al. 2022","Tripterygiidae",FALSE
"687","Enneapterygius atriceps",30,"Fontoura et al. 2022","Tripterygiidae",FALSE
"688","Apogon aurolineatus",19.5,"Fontoura et al. 2022","Apogonidae",FALSE
"689","Apogon binotatus",20.1,"Fontoura et al. 2022","Apogonidae",FALSE
"690","Apogon compressus",24,"Fontoura et al. 2022","Apogonidae",FALSE
"691","Apogon cyanosoma",21.1,"Fontoura et al. 2022","Apogonidae",FALSE
"692","Apogon doederleini",22.6,"Fontoura et al. 2022","Apogonidae",FALSE
"693","Apogon exostigma",33.5,"Fontoura et al. 2022","Apogonidae",FALSE
"694","Apogon fraenatus",25.3,"Fontoura et al. 2022","Apogonidae",FALSE
"695","Apogon imberbis",21.3,"Fontoura et al. 2022","Apogonidae",FALSE
"696","Apogon maculatus",20.7,"Fontoura et al. 2022","Apogonidae",FALSE
"697","Apogon nigrofasciatus",18.5,"Fontoura et al. 2022","Apogonidae",FALSE
"698","Apogon novemfasciatus",29.7,"Fontoura et al. 2022","Apogonidae",FALSE
"699","Apogon properuptus",19.2,"Fontoura et al. 2022","Apogonidae",FALSE
"700","Apogon pseudomaculatus",26.8,"Fontoura et al. 2022","Apogonidae",FALSE
"701","Apogon quadrisquamatus",18.7,"Fontoura et al. 2022","Apogonidae",FALSE
"702","Astrapogon stellatus",20.2,"Fontoura et al. 2022","Apogonidae",FALSE
"703","Cheilodipterus macrodon",16.3,"Fontoura et al. 2022","Apogonidae",FALSE
"704","Cheilodipterus quinquelineatus",17.97,"Fontoura et al. 2022","Apogonidae",FALSE
"705","Foa brachygramma",30.6,"Fontoura et al. 2022","Apogonidae",FALSE
"706","Fowleria marmorata",41.3,"Fontoura et al. 2022","Apogonidae",FALSE
"707","Nectamia bandanensis",24.5,"Fontoura et al. 2022","Apogonidae",FALSE
"708","Phaeoptyx pigmentaria",20,"Fontoura et al. 2022","Apogonidae",FALSE
"709","Sphaeraemia orbicularis",17,"Fontoura et al. 2022","Apogonidae",FALSE
"710","Hypleurochilus bermudensis",25.4,"Fontoura et al. 2022","Blenniidae",FALSE
"711","Ophioblennius macclurei",38,"Fontoura et al. 2022","Blenniidae",FALSE
"712","Ophioblennius steindachneri",50,"Fontoura et al. 2022","Blenniidae",FALSE
"713","Parablennius marmoreus",23.4,"Fontoura et al. 2022","Blenniidae",FALSE
"714","Parablennius pilicornis",30.5,"Fontoura et al. 2022","Blenniidae",FALSE
"715","Petroscirtes fallax",21,"Fontoura et al. 2022","Blenniidae",FALSE
"716","Amblygobius phalaena",19.66,"Fontoura et al. 2022","Gobiidae",FALSE
"717","Bathygobius coalitus",40,"Fontoura et al. 2022","Gobiidae",FALSE
"718","Bathygobius soporator",29,"Fontoura et al. 2022","Gobiidae",FALSE
"719","Nes longus",29,"Fontoura et al. 2022","Gobiidae",FALSE
"720","Labrisomus nuchipinnis",25,"Fontoura et al. 2022","Labrisomidae",FALSE
"721","Malacoctenus hubbsi",24,"Fontoura et al. 2022","Labrisomidae",FALSE
"722","Abudefduf abdominalis",20.85,"Fontoura et al. 2022","Pomacentridae",FALSE
"723","Abudefduf bengalensis",22.8,"Fontoura et al. 2022","Pomacentridae",FALSE
"724","Abudefduf concolor",20.85,"Fontoura et al. 2022","Pomacentridae",FALSE
"725","Abudefduf declivifrons",21.9,"Fontoura et al. 2022","Pomacentridae",FALSE
"726","Abudefduf lorenzi",23,"Fontoura et al. 2022","Pomacentridae",FALSE
"727","Abudefduf saxatilis",23.5,"Fontoura et al. 2022","Pomacentridae",FALSE
"728","Abudefduf sexfasciatus",19.4,"Fontoura et al. 2022","Pomacentridae",FALSE
"729","Abudefduf sordidus",26.1,"Fontoura et al. 2022","Pomacentridae",FALSE
"730","Abudefduf taurus",24.45,"Fontoura et al. 2022","Pomacentridae",FALSE
"731","Abudefduf troschelii",18.1,"Fontoura et al. 2022","Pomacentridae",FALSE
"732","Abudefduf vaigiensis",21.13,"Fontoura et al. 2022","Pomacentridae",FALSE
"733","Abudefduf whitleyi",18.3,"Fontoura et al. 2022","Pomacentridae",FALSE
"734","Acanthochromis polyacanthus",1,"Fontoura et al. 2022","Pomacentridae",FALSE
"735","Amblyglyphidodon aureus",16.5,"Fontoura et al. 2022","Pomacentridae",FALSE
"736","Amblyglyphidodon curacao",15.68,"Fontoura et al. 2022","Pomacentridae",FALSE
"737","Amblyglyphidodon leucogaster",16.35,"Fontoura et al. 2022","Pomacentridae",FALSE
"738","Amblyglyphidodon ternatensis",20,"Fontoura et al. 2022","Pomacentridae",FALSE
"739","Amphiprion akindynos",12.4,"Fontoura et al. 2022","Pomacentridae",FALSE
"740","Amphiprion chrysopterus",17,"Fontoura et al. 2022","Pomacentridae",FALSE
"741","Amphiprion clarkii",12.15,"Fontoura et al. 2022","Pomacentridae",FALSE
"742","Amphiprion melanopus",12.4,"Fontoura et al. 2022","Pomacentridae",FALSE
"743","Amphiprion percula",10.8,"Fontoura et al. 2022","Pomacentridae",FALSE
"744","Amphiprion perideraion",14.3,"Fontoura et al. 2022","Pomacentridae",FALSE
"745","Amphiprion polymnus",11,"Fontoura et al. 2022","Pomacentridae",FALSE
"746","Amphiprion tricinctus",10.1,"Fontoura et al. 2022","Pomacentridae",FALSE
"747","Chromis agilis",32.7,"Fontoura et al. 2022","Pomacentridae",FALSE
"748","Chromis alpha",30,"Fontoura et al. 2022","Pomacentridae",FALSE
"749","Chromis alta",18.7,"Fontoura et al. 2022","Pomacentridae",FALSE
"750","Chromis amboinensis",22.1,"Fontoura et al. 2022","Pomacentridae",FALSE
"751","Chromis atrilobata",30.95,"Fontoura et al. 2022","Pomacentridae",FALSE
"752","Chromis atripectoralis",19,"Fontoura et al. 2022","Pomacentridae",FALSE
"753","Chromis atripes",30,"Fontoura et al. 2022","Pomacentridae",FALSE
"754","Chromis caerulea",26,"Fontoura et al. 2022","Pomacentridae",FALSE
"755","Chromis caudalis",27,"Fontoura et al. 2022","Pomacentridae",FALSE
"756","Chromis chrysura",23.2,"Fontoura et al. 2022","Pomacentridae",FALSE
"757","Chromis cyanea",29.9,"Fontoura et al. 2022","Pomacentridae",FALSE
"758","Chromis delta",24,"Fontoura et al. 2022","Pomacentridae",FALSE
"759","Chromis insolata",25.75,"Fontoura et al. 2022","Pomacentridae",FALSE
"760","Chromis iomelas",24.4,"Fontoura et al. 2022","Pomacentridae",FALSE
"761","Chromis lepidolepis",31.5,"Fontoura et al. 2022","Pomacentridae",FALSE
"762","Chromis limbaughi",23.5,"Fontoura et al. 2022","Pomacentridae",FALSE
"763","Chromis lineata",33.75,"Fontoura et al. 2022","Pomacentridae",FALSE
"764","Chromis margaritifer",31.8,"Fontoura et al. 2022","Pomacentridae",FALSE
"765","Chromis multilineata",28.16,"Fontoura et al. 2022","Pomacentridae",FALSE
"766","Chromis notata",40,"Fontoura et al. 2022","Pomacentridae",FALSE
"767","Chromis ternatensis",28.5,"Fontoura et al. 2022","Pomacentridae",FALSE
"768","Chromis viridis",23.97,"Fontoura et al. 2022","Pomacentridae",FALSE
"769","Chromis weberi",31.2,"Fontoura et al. 2022","Pomacentridae",FALSE
"770","Chromis xanthura",28.2,"Fontoura et al. 2022","Pomacentridae",FALSE
"771","Chrysiptera biocellata",18.4,"Fontoura et al. 2022","Pomacentridae",FALSE
"772","Chrysiptera brownriggii",22.13,"Fontoura et al. 2022","Pomacentridae",FALSE
"773","Chrysiptera cyanea",17.43,"Fontoura et al. 2022","Pomacentridae",FALSE
"774","Chrysiptera flavipinnis",19,"Fontoura et al. 2022","Pomacentridae",FALSE
"775","Chrysiptera galba",23.5,"Fontoura et al. 2022","Pomacentridae",FALSE
"776","Chrysiptera glauca",23.5,"Fontoura et al. 2022","Pomacentridae",FALSE
"777","Chrysiptera hemicyanea",19.3,"Fontoura et al. 2022","Pomacentridae",FALSE
"778","Chrysiptera oxycephala",21.5,"Fontoura et al. 2022","Pomacentridae",FALSE
"779","Chrysiptera rex",19.78,"Fontoura et al. 2022","Pomacentridae",FALSE
"780","Chrysiptera rollandi",19.76,"Fontoura et al. 2022","Pomacentridae",FALSE
"781","Dascyllus albisella",25.9,"Fontoura et al. 2022","Pomacentridae",FALSE
"782","Dascyllus aruanus",21.1,"Fontoura et al. 2022","Pomacentridae",FALSE
"783","Dascyllus flavicaudus",27.7,"Fontoura et al. 2022","Pomacentridae",FALSE
"784","Dascyllus melanurus",22.25,"Fontoura et al. 2022","Pomacentridae",FALSE
"785","Dascyllus reticulatus",22.7,"Fontoura et al. 2022","Pomacentridae",FALSE
"786","Dascyllus trimaculatus",28,"Fontoura et al. 2022","Pomacentridae",FALSE
"787","Dischistodus chrysopoecilus",19.5,"Fontoura et al. 2022","Pomacentridae",FALSE
"788","Dischistodus melanotus",14.85,"Fontoura et al. 2022","Pomacentridae",FALSE
"789","Dischistodus perspicillatus",14.9,"Fontoura et al. 2022","Pomacentridae",FALSE
"790","Dischistodus prosopotaenia",23.5,"Fontoura et al. 2022","Pomacentridae",FALSE
"791","Dischistodus pseudochrysopoecilus",17.6,"Fontoura et al. 2022","Pomacentridae",FALSE
"792","Hemiglyphidodon plagiometopon",18,"Fontoura et al. 2022","Pomacentridae",FALSE
"793","Lepidozygus tapeinosoma",19.35,"Fontoura et al. 2022","Pomacentridae",FALSE
"794","Microspathodon bairdii",25.9,"Fontoura et al. 2022","Pomacentridae",FALSE
"795","Microspathodon chrysurus",25.85,"Fontoura et al. 2022","Pomacentridae",FALSE
"796","Microspathodon dorsalis",31.45,"Fontoura et al. 2022","Pomacentridae",FALSE
"797","Neoglyphidodon melas",15.45,"Fontoura et al. 2022","Pomacentridae",FALSE
"798","Neoglyphidodon nigroris",18.8,"Fontoura et al. 2022","Pomacentridae",FALSE
"799","Neopomacentrus azysron",22,"Fontoura et al. 2022","Pomacentridae",FALSE
"800","Neopomacentrus bankieri",21,"Fontoura et al. 2022","Pomacentridae",FALSE
"801","Neopomacentrus cyanomos",17.5,"Fontoura et al. 2022","Pomacentridae",FALSE
"802","Neopomacentrus filamentosus",20,"Fontoura et al. 2022","Pomacentridae",FALSE
"803","Neopomacentrus nemurus",19.2,"Fontoura et al. 2022","Pomacentridae",FALSE
"804","Nexilosus latifrons",29.2,"Fontoura et al. 2022","Pomacentridae",FALSE
"805","Plectroglyphidodon dickii",26.6,"Fontoura et al. 2022","Pomacentridae",FALSE
"806","Plectroglyphidodon johnstonianus",31.7,"Fontoura et al. 2022","Pomacentridae",FALSE
"807","Plectroglyphidodon lacrymatus",22.35,"Fontoura et al. 2022","Pomacentridae",FALSE
"808","Plectroglyphidodon sindonis",30,"Fontoura et al. 2022","Pomacentridae",FALSE
"809","Pomacentrus alexanderae",20.65,"Fontoura et al. 2022","Pomacentridae",FALSE
"810","Pomacentrus amboinensis",20.14,"Fontoura et al. 2022","Pomacentridae",FALSE
"811","Pomacentrus australis",25,"Fontoura et al. 2022","Pomacentridae",FALSE
"812","Pomacentrus bankanensis",18.4,"Fontoura et al. 2022","Pomacentridae",FALSE
"813","Pomacentrus brachialis",18,"Fontoura et al. 2022","Pomacentridae",FALSE
"814","Pomacentrus burroughi",16.8,"Fontoura et al. 2022","Pomacentridae",FALSE
"815","Pomacentrus chrysurus",17,"Fontoura et al. 2022","Pomacentridae",FALSE
"816","Pomacentrus coelestis",17.82,"Fontoura et al. 2022","Pomacentridae",FALSE
"817","Pomacentrus emarginatus",18.4,"Fontoura et al. 2022","Pomacentridae",FALSE
"818","Pomacentrus grammorhynchus",16.4,"Fontoura et al. 2022","Pomacentridae",FALSE
"819","Pomacentrus lepidogenys",20,"Fontoura et al. 2022","Pomacentridae",FALSE
"820","Pomacentrus moluccensis",19.17,"Fontoura et al. 2022","Pomacentridae",FALSE
"821","Pomacentrus nagasakiensis",22.35,"Fontoura et al. 2022","Pomacentridae",FALSE
"822","Pomacentrus pavo",26.24,"Fontoura et al. 2022","Pomacentridae",FALSE
"823","Pomacentrus philippinus",16,"Fontoura et al. 2022","Pomacentridae",FALSE
"824","Pomacentrus reidi",18,"Fontoura et al. 2022","Pomacentridae",FALSE
"825","Pomacentrus simsiang",15.8,"Fontoura et al. 2022","Pomacentridae",FALSE
"826","Pomacentrus taeniometopon",15.7,"Fontoura et al. 2022","Pomacentridae",FALSE
"827","Pomacentrus vaiuli",21.16,"Fontoura et al. 2022","Pomacentridae",FALSE
"828","Pomacentrus wardi",21.66,"Fontoura et al. 2022","Pomacentridae",FALSE
"829","Pomachromis richardsoni",21.7,"Fontoura et al. 2022","Pomacentridae",FALSE
"830","Premnas biaculeatus",9.2,"Fontoura et al. 2022","Pomacentridae",FALSE
"831","Pristotis obtusirostris",25.3,"Fontoura et al. 2022","Pomacentridae",FALSE
"832","Stegastes acapulcoensis",22,"Fontoura et al. 2022","Pomacentridae",FALSE
"833","Stegastes adustus",23.8,"Fontoura et al. 2022","Pomacentridae",FALSE
"834","Stegastes apicalis",29.7,"Fontoura et al. 2022","Pomacentridae",FALSE
"835","Stegastes arcifrons",27.55,"Fontoura et al. 2022","Pomacentridae",FALSE
"836","Stegastes baldwini",26,"Fontoura et al. 2022","Pomacentridae",FALSE
"837","Stegastes beebei",32.3,"Fontoura et al. 2022","Pomacentridae",FALSE
"838","Stegastes diaencaeus",25.72,"Fontoura et al. 2022","Pomacentridae",FALSE
"839","Stegastes emeryi",22.6,"Fontoura et al. 2022","Pomacentridae",FALSE
"840","Stegastes fasciolatus",29.95,"Fontoura et al. 2022","Pomacentridae",FALSE
"841","Stegastes flavilatus",28.5,"Fontoura et al. 2022","Pomacentridae",FALSE
"842","Stegastes leucorus",32.86,"Fontoura et al. 2022","Pomacentridae",FALSE
"843","Stegastes leucostictus",25.29,"Fontoura et al. 2022","Pomacentridae",FALSE
"844","Stegastes lividus",25,"Fontoura et al. 2022","Pomacentridae",FALSE
"845","Stegastes nigricans",31.68,"Fontoura et al. 2022","Pomacentridae",FALSE
"846","Stegastes partitus",31.41,"Fontoura et al. 2022","Pomacentridae",FALSE
"847","Stegastes planifrons",24.1,"Fontoura et al. 2022","Pomacentridae",FALSE
"848","Stegastes punctatus",25,"Fontoura et al. 2022","Pomacentridae",FALSE
"849","Stegastes rectifraenum",21.5,"Fontoura et al. 2022","Pomacentridae",FALSE
"850","Stegastes redemptus",27.65,"Fontoura et al. 2022","Pomacentridae",FALSE
"851","Stegastes xanthurus",24.5,"Fontoura et al. 2022","Pomacentridae",FALSE
"852","Teixeirichthys jordani",25.3,"Fontoura et al. 2022","Pomacentridae",FALSE
"853","Pseudochromis quinquedentatus",61,"Fontoura et al. 2022","Pseudochromidae",FALSE
"854","Naso lituratus",69.4,"Fontoura et al. 2022","Acanthuridae",FALSE
"855","Caranx melampygus",57.6,"Fontoura et al. 2022","Carangidae",TRUE
"856","Epinephelus adscensionis",40,"Fontoura et al. 2022","Epinephelidae",FALSE
"857","Epinephelus itajara",55,"Fontoura et al. 2022","Epinephelidae",FALSE
"858","Epinephelus marginatus",24.6,"Fontoura et al. 2022","Epinephelidae",TRUE
"859","Epinephelus striatus",42,"Fontoura et al. 2022","Epinephelidae",TRUE
"860","Mycteroperca bonaci",41,"Fontoura et al. 2022","Epinephelidae",FALSE
"861","Mycteroperca microlepis",43,"Fontoura et al. 2022","Epinephelidae",TRUE
"862","Plectropomus leopardus",25.2,"Fontoura et al. 2022","Epinephelidae",TRUE
"863","Lachnolaimus maximus",25.8,"Fontoura et al. 2022","Labridae",TRUE
"864","Lethrinus harak",28,"Fontoura et al. 2022","Lethrinidae",TRUE
"865","Lethrinus nebulosus",32.7,"Fontoura et al. 2022","Lethrinidae",TRUE
"866","Lethrinus obsoletus",25.7,"Fontoura et al. 2022","Lethrinidae",TRUE
"867","Lethrinus olivaceus",30,"Fontoura et al. 2022","Lethrinidae",FALSE
"868","Lethrinus xanthochilus",26.65,"Fontoura et al. 2022","Lethrinidae",TRUE
"869","Monotaxis grandoculis",33.3,"Fontoura et al. 2022","Lethrinidae",TRUE
"870","Lutjanus argentiventris",22.9,"Fontoura et al. 2022","Lutjanidae",TRUE
"871","Lutjanus campechanus",28,"Fontoura et al. 2022","Lutjanidae",TRUE
"872","Lutjanus cyanopterus",29,"Fontoura et al. 2022","Lutjanidae",TRUE
"873","Lutjanus gibbus",54,"Fontoura et al. 2022","Lutjanidae",TRUE
"874","Lutjanus griseus",32.4,"Fontoura et al. 2022","Lutjanidae",TRUE
"875","Lutjanus novemfasciatus",21.75,"Fontoura et al. 2022","Lutjanidae",FALSE
"876","Lutjanus synagris",23.87,"Fontoura et al. 2022","Lutjanidae",TRUE
"877","Ocyurus chrysurus",30.9,"Fontoura et al. 2022","Lutjanidae",TRUE
"878","Mulloidichthys flavolineatus",60.1,"Fontoura et al. 2022","Mullidae",TRUE
"879","Acanthurus bahianus",52.3,"Fontoura et al. 2022","Acanthuridae",FALSE
"880","Acanthurus chirurgus",55.2,"Fontoura et al. 2022","Acanthuridae",FALSE
"881","Acanthurus coeruleus",51.6,"Fontoura et al. 2022","Acanthuridae",FALSE
"882","Acanthurus lineatus",39.5,"Fontoura et al. 2022","Acanthuridae",FALSE
"883","Acanthurus nigricans",59.7,"Fontoura et al. 2022","Acanthuridae",FALSE
"884","Acanthurus nigrofuscus",31,"Fontoura et al. 2022","Acanthuridae",FALSE
"885","Acanthurus olivaceus",59.65,"Fontoura et al. 2022","Acanthuridae",FALSE
"886","Acanthurus tractus",52.3,"Fontoura et al. 2022","Acanthuridae",FALSE
"887","Acanthurus triostegus",47.4,"Fontoura et al. 2022","Acanthuridae",FALSE
"888","Ctenochaetus binotatus",58.5,"Fontoura et al. 2022","Acanthuridae",FALSE
"889","Ctenochaetus flavicauda",31,"Fontoura et al. 2022","Acanthuridae",FALSE
"890","Ctenochaetus striatus",43.87,"Fontoura et al. 2022","Acanthuridae",FALSE
"891","Naso annulatus",62.3,"Fontoura et al. 2022","Acanthuridae",FALSE
"892","Naso brevirostris",79.65,"Fontoura et al. 2022","Acanthuridae",FALSE
"893","Naso hexacanthus",91.2,"Fontoura et al. 2022","Acanthuridae",FALSE
"894","Naso unicornis",73.9,"Fontoura et al. 2022","Acanthuridae",TRUE
"895","Naso vlamingii",77.3,"Fontoura et al. 2022","Acanthuridae",FALSE
"896","Paracanthurus hepatus",37,"Fontoura et al. 2022","Acanthuridae",FALSE
"897","Zebrasoma flavescens",54,"Fontoura et al. 2022","Acanthuridae",FALSE
"898","Zebrasoma scopas",55.2,"Fontoura et al. 2022","Acanthuridae",FALSE
"899","Zebrasoma veliferum",35.75,"Fontoura et al. 2022","Acanthuridae",FALSE
"900","Balistapus undulatus",51.3,"Fontoura et al. 2022","Balistidae",FALSE
"901","Balistes vetula",75,"Fontoura et al. 2022","Balistidae",FALSE
"902","Balistoides conspicillum",36,"Fontoura et al. 2022","Balistidae",FALSE
"903","PSeudobalistes flavimarginatus",44.5,"Fontoura et al. 2022","Balistidae",FALSE
"904","Rhineacanthus aculeatus",45,"Fontoura et al. 2022","Balistidae",FALSE
"905","Rhinecanthus rectangulus",43.5,"Fontoura et al. 2022","Balistidae",FALSE
"906","Chaetodon auriga",44.27,"Fontoura et al. 2022","Chaetodontidae",FALSE
"907","Chaetodon baronessa",35.5,"Fontoura et al. 2022","Chaetodontidae",FALSE
"908","Chaetodon capistratus",38,"Fontoura et al. 2022","Chaetodontidae",FALSE
"909","Chaetodon citrinellus",50.5,"Fontoura et al. 2022","Chaetodontidae",FALSE
"910","Chaetodon collare",43,"Fontoura et al. 2022","Chaetodontidae",FALSE
"911","Chaetodon ephippium",38.5,"Fontoura et al. 2022","Chaetodontidae",FALSE
"912","Chaetodon flavirostris",47.27,"Fontoura et al. 2022","Chaetodontidae",FALSE
"913","Chaetodon kleinii",56,"Fontoura et al. 2022","Chaetodontidae",FALSE
"914","Chaetodon lineolatus",54,"Fontoura et al. 2022","Chaetodontidae",FALSE
"915","Chaetodon lunula",43,"Fontoura et al. 2022","Chaetodontidae",FALSE
"916","Chaetodon lunulatus",39.3,"Fontoura et al. 2022","Chaetodontidae",FALSE
"917","Chaetodon miliaris",60,"Fontoura et al. 2022","Chaetodontidae",FALSE
"918","Chaetodon ocellatus",35.5,"Fontoura et al. 2022","Chaetodontidae",FALSE
"919","Chaetodon ornatissimus",62.5,"Fontoura et al. 2022","Chaetodontidae",FALSE
"920","Chaetodon plebeius",44,"Fontoura et al. 2022","Chaetodontidae",FALSE
"921","Chaetodon rainfordi",31.4,"Fontoura et al. 2022","Chaetodontidae",FALSE
"922","Chaetodon sedentarius",52,"Fontoura et al. 2022","Chaetodontidae",FALSE
"923","Chaetodon speculum",44.7,"Fontoura et al. 2022","Chaetodontidae",FALSE
"924","Chaetodon striatus",49,"Fontoura et al. 2022","Chaetodontidae",FALSE
"925","Chaetodon trifascialis",35.7,"Fontoura et al. 2022","Chaetodontidae",FALSE
"926","Chaetodon ulietensis",41,"Fontoura et al. 2022","Chaetodontidae",FALSE
"927","Chaetodon unimaculatus",35,"Fontoura et al. 2022","Chaetodontidae",FALSE
"928","Chaetodon vagabundus",42.26,"Fontoura et al. 2022","Chaetodontidae",FALSE
"929","Chelmon rostratus",26.25,"Fontoura et al. 2022","Chaetodontidae",FALSE
"930","Forcipiger flavissimus",50.7,"Fontoura et al. 2022","Chaetodontidae",FALSE
"931","Heniochus acuminatus",40.83,"Fontoura et al. 2022","Chaetodontidae",FALSE
"932","Heniochus chrysostomus",32.7,"Fontoura et al. 2022","Chaetodontidae",FALSE
"933","Heniochus diphreutes",32,"Fontoura et al. 2022","Chaetodontidae",FALSE
"934","Cirrhitichthys oxycephalus",51,"Fontoura et al. 2022","Cirrhitidae",FALSE
"935","Neocirrhites armatus",48,"Fontoura et al. 2022","Cirrhitidae",FALSE
"936","Oxycirrhites typus",69,"Fontoura et al. 2022","Cirrhitidae",FALSE
"937","Paracirrhites arcatus",49.7,"Fontoura et al. 2022","Cirrhitidae",FALSE
"938","Dactyloptena orientalis",43.4,"Fontoura et al. 2022","Dactylopteridae",FALSE
"939","Dactylopterus volitans",24,"Fontoura et al. 2022","Dactylopteridae",TRUE
"940","Cephalopholis argus",27.5,"Fontoura et al. 2022","Epinephelidae",TRUE
"941","Cephalopholis boenak",31,"Fontoura et al. 2022","Epinephelidae",TRUE
"942","Cephalopholis urodeta",24.3,"Fontoura et al. 2022","Epinephelidae",FALSE
"943","Cromileptes altivelis",24,"Fontoura et al. 2022","Epinephelidae",TRUE
"944","Epinephelus akaara",30,"Fontoura et al. 2022","Epinephelidae",FALSE
"945","Epinephelus areolatus",18,"Fontoura et al. 2022","Epinephelidae",TRUE
"946","Epinephelus hexagonatus",24.7,"Fontoura et al. 2022","Epinephelidae",FALSE
"947","Epinephelus merra",29.6,"Fontoura et al. 2022","Serranidae",TRUE
"948","Plectropomus maculatus",27,"Fontoura et al. 2022","Epinephelidae",FALSE
"949","Anisotremus surinamensis",19.5,"Fontoura et al. 2022","Haemulidae",FALSE
"950","Anisotremus virginicus",16.95,"Fontoura et al. 2022","Haemulidae",FALSE
"951","Haemulon aurolineatum",19.3,"Fontoura et al. 2022","Haemulidae",FALSE
"952","Haemulon chrysargyreum",22,"Fontoura et al. 2022","Haemulidae",FALSE
"953","Haemulon flavolineatum",17,"Fontoura et al. 2022","Haemulidae",FALSE
"954","Haemulon melanurum",18.4,"Fontoura et al. 2022","Haemulidae",FALSE
"955","Haemulon parra",17.3,"Fontoura et al. 2022","Haemulidae",FALSE
"956","Haemulon plumierii",22.6,"Fontoura et al. 2022","Haemulidae",TRUE
"957","Haemulon striatum",21.125,"Fontoura et al. 2022","Haemulidae",FALSE
"958","Holocentrus adscensionis",55.6,"Fontoura et al. 2022","Holocentridae",FALSE
"959","Holocentrus rufus",44.1,"Fontoura et al. 2022","Holocentridae",FALSE
"960","Myripristis jacobus",53.8,"Fontoura et al. 2022","Holocentridae",FALSE
"961","Myripristis pralinia",67,"Fontoura et al. 2022","Holocentridae",FALSE
"962","Neoniphon argenteus",41,"Fontoura et al. 2022","Holocentridae",FALSE
"963","Neoniphon marianus",39.3,"Fontoura et al. 2022","Holocentridae",FALSE
"964","Neoniphon sammara",47,"Fontoura et al. 2022","Holocentridae",FALSE
"965","Plectrypops retrospinis",43.6,"Fontoura et al. 2022","Holocentridae",FALSE
"966","Sargocentron coruscum",35.5,"Fontoura et al. 2022","Holocentridae",FALSE
"967","Sargocentron microstoma",40.3,"Fontoura et al. 2022","Holocentridae",FALSE
"968","Sargocentron punctatissimum",45,"Fontoura et al. 2022","Holocentridae",FALSE
"969","Sargocentron spiniferum",39.8,"Fontoura et al. 2022","Holocentridae",TRUE
"970","Sargocentron vexillarium",35.9,"Fontoura et al. 2022","Holocentridae",FALSE
"971","Anampses caeruleopunctatus",25,"Fontoura et al. 2022","Labridae",FALSE
"972","Anampses chrysocephalus",29.5,"Fontoura et al. 2022","Labridae",FALSE
"973","Anampses cuvier",44.5,"Fontoura et al. 2022","Labridae",FALSE
"974","Anampses twistii",28.8,"Fontoura et al. 2022","Labridae",FALSE
"975","Bodianus axillaris",23.5,"Fontoura et al. 2022","Labridae",FALSE
"976","Bodianus bilunulatus",66.8,"Fontoura et al. 2022","Labridae",FALSE
"977","Bodianus diplotaenia",39.85,"Fontoura et al. 2022","Labridae",FALSE
"978","Bodianus eclancheri",32.3,"Fontoura et al. 2022","Labridae",FALSE
"979","Bodianus mesothorax",30.3,"Fontoura et al. 2022","Labridae",FALSE
"980","Bodianus perditio",59.6,"Fontoura et al. 2022","Labridae",FALSE
"981","Bodianus rufus",36.6,"Fontoura et al. 2022","Labridae",FALSE
"982","Bolbometopon muricatum",31,"Fontoura et al. 2022","Labridae",TRUE
"983","Cheilinus chlorourus",27.1,"Fontoura et al. 2022","Labridae",FALSE
"984","Cheilinus fasciatus",25.7,"Fontoura et al. 2022","Labridae",FALSE
"985","Cheilinus trilobatus",29.6,"Fontoura et al. 2022","Labridae",FALSE
"986","Cheilinus undulatus",34.3,"Fontoura et al. 2022","Labridae",TRUE
"987","Cheilio inermis",56.1,"Fontoura et al. 2022","Labridae",FALSE
"988","Choerodon anchorago",19.3,"Fontoura et al. 2022","Labridae",FALSE
"989","Choerodon fasciatus",20,"Fontoura et al. 2022","Labridae",FALSE
"990","Choerodon graphicus",27,"Fontoura et al. 2022","Labridae",FALSE
"991","Cirrhilabrus cyanopleura",25.55,"Fontoura et al. 2022","Labridae",FALSE
"992","Cirrhilabrus scottorum",27,"Fontoura et al. 2022","Labridae",FALSE
"993","Cirrhilabrus temminkii",27.3,"Fontoura et al. 2022","Labridae",FALSE
"994","Clepticus parrae",38.5,"Fontoura et al. 2022","Labridae",FALSE
"995","Coris aygula",51.5,"Fontoura et al. 2022","Labridae",FALSE
"996","Coris batuensis",27.55,"Fontoura et al. 2022","Labridae",FALSE
"997","Coris flavovittata",53,"Fontoura et al. 2022","Labridae",FALSE
"998","Coris gaimard",45.76,"Fontoura et al. 2022","Labridae",FALSE
"999","Coris picta",46.2,"Fontoura et al. 2022","Labridae",FALSE
"1000","Coris venusta",46.1,"Fontoura et al. 2022","Labridae",FALSE
"1001","Cymolutes lecluse",75.9,"Fontoura et al. 2022","Labridae",FALSE
"1002","Cymolutes praetextatus",71,"Fontoura et al. 2022","Labridae",FALSE
"1003","Diproctacanthus xanthurus",17.3,"Fontoura et al. 2022","Labridae",FALSE
"1004","Doratonotus megalepis",21.9,"Fontoura et al. 2022","Labridae",FALSE
"1005","Epibulus insidiator",30.4,"Fontoura et al. 2022","Labridae",FALSE
"1006","Gomphosus varius",56.6,"Fontoura et al. 2022","Labridae",FALSE
"1007","Halichoeres adustus",33,"Fontoura et al. 2022","Labridae",FALSE
"1008","Halichoeres argus",25,"Fontoura et al. 2022","Labridae",FALSE
"1009","Halichoeres biocellatus",24.26,"Fontoura et al. 2022","Labridae",FALSE
"1010","Halichoeres bivittatus",22.3,"Fontoura et al. 2022","Labridae",FALSE
"1011","Halichoeres chierchiae",31.3,"Fontoura et al. 2022","Labridae",FALSE
"1012","Halichoeres chloropterus",21.1,"Fontoura et al. 2022","Labridae",FALSE
"1013","Halichoeres chrysus",26.1,"Fontoura et al. 2022","Labridae",FALSE
"1014","Halichoeres discolor",32,"Fontoura et al. 2022","Labridae",FALSE
"1015","Halichoeres dispilus",40.25,"Fontoura et al. 2022","Labridae",FALSE
"1016","Halichoeres garnoti",24.9,"Fontoura et al. 2022","Labridae",FALSE
"1017","Halichoeres hortulanus",32.5,"Fontoura et al. 2022","Labridae",FALSE
"1018","Halichoeres insularis",35.5,"Fontoura et al. 2022","Labridae",FALSE
"1019","Halichoeres maculipinna",29.5,"Fontoura et al. 2022","Labridae",FALSE
"1020","Halichoeres margaritaceus",21.7,"Fontoura et al. 2022","Labridae",FALSE
"1021","Halichoeres marginatus",22.2,"Fontoura et al. 2022","Labridae",FALSE
"1022","Halichoeres melanotis",35.7,"Fontoura et al. 2022","Labridae",FALSE
"1023","Halichoeres melanurus",24.53,"Fontoura et al. 2022","Labridae",FALSE
"1024","Halichoeres nebulosus",23.9,"Fontoura et al. 2022","Labridae",FALSE
"1025","Halichoeres nicholsi",31.4,"Fontoura et al. 2022","Labridae",FALSE
"1026","Halichoeres notospilus",37.7,"Fontoura et al. 2022","Labridae",FALSE
"1027","Halichoeres ornatissimus",39.5,"Fontoura et al. 2022","Labridae",FALSE
"1028","Halichoeres pictus",24.9,"Fontoura et al. 2022","Labridae",FALSE
"1029","Halichoeres poeyi",24.1,"Fontoura et al. 2022","Labridae",FALSE
"1030","Halichoeres prosopeion",21.2,"Fontoura et al. 2022","Labridae",FALSE
"1031","Halichoeres radiatus",24.55,"Fontoura et al. 2022","Labridae",FALSE
"1032","Halichoeres richmondi",20.8,"Fontoura et al. 2022","Labridae",FALSE
"1033","Halichoeres scapularis",24.4,"Fontoura et al. 2022","Labridae",FALSE
"1034","Halichoeres semicintus",29.9,"Fontoura et al. 2022","Labridae",FALSE
"1035","Halichoeres trimaculatus",26.8,"Fontoura et al. 2022","Labridae",FALSE
"1036","Hemigymnus fasciatus",25.8,"Fontoura et al. 2022","Labridae",FALSE
"1037","Hemigymnus melapterus",23.9,"Fontoura et al. 2022","Labridae",FALSE
"1038","Iniistius pavo",60.16,"Fontoura et al. 2022","Labridae",FALSE
"1039","Labrichthys unilineatus",19.2,"Fontoura et al. 2022","Labridae",FALSE
"1040","Labroides bicolor",24.25,"Fontoura et al. 2022","Labridae",FALSE
"1041","Labroides dimidiatus",23.16,"Fontoura et al. 2022","Labridae",FALSE
"1042","Labroides pectoralis",26.8,"Fontoura et al. 2022","Labridae",FALSE
"1043","Labroides phthirophagus",32.1,"Fontoura et al. 2022","Labridae",FALSE
"1044","Labropsis micronesica",22,"Fontoura et al. 2022","Labridae",FALSE
"1045","Labropsis xanthonota",30.5,"Fontoura et al. 2022","Labridae",FALSE
"1046","Macropharyngodon geoffroy",32.3,"Fontoura et al. 2022","Labridae",FALSE
"1047","Macropharyngodon meleagris",27.5,"Fontoura et al. 2022","Labridae",FALSE
"1048","Macropharyngodon negrosensis",25,"Fontoura et al. 2022","Labridae",FALSE
"1049","Novaculichthys macrolepidotus",70.5,"Fontoura et al. 2022","Labridae",FALSE
"1050","Novaculichthys taeniourus",55.1,"Fontoura et al. 2022","Labridae",FALSE
"1051","Oxycheilinus bimaculatus",50.5,"Fontoura et al. 2022","Labridae",FALSE
"1052","Oxycheilinus digramma",26.1,"Fontoura et al. 2022","Labridae",FALSE
"1053","Oxycheilinus unifasciatus",36.2,"Fontoura et al. 2022","Labridae",FALSE
"1054","Pseudocheilinus evanidus",42.5,"Fontoura et al. 2022","Labridae",FALSE
"1055","Pseudocheilinus hexataenia",35,"Fontoura et al. 2022","Labridae",FALSE
"1056","Pseudocheilinus octotaenia",41.6,"Fontoura et al. 2022","Labridae",FALSE
"1057","Pseudocheilinus tetrataenia",49.3,"Fontoura et al. 2022","Labridae",FALSE
"1058","Pseudojuloides cerasinus",42.4,"Fontoura et al. 2022","Labridae",FALSE
"1059","Pteragogus cryptus",20.6,"Fontoura et al. 2022","Labridae",FALSE
"1060","Pteragogus flagellifer",23,"Fontoura et al. 2022","Labridae",FALSE
"1061","Pteragogus guttatus",20.5,"Fontoura et al. 2022","Labridae",FALSE
"1062","Scarus coeruleus",24,"Fontoura et al. 2022","Labridae",FALSE
"1063","Scarus ghobban",29.7,"Fontoura et al. 2022","Labridae",TRUE
"1064","Scarus iseri",28.4,"Fontoura et al. 2022","Labridae",FALSE
"1065","Scarus rivulatus",37,"Fontoura et al. 2022","Labridae",FALSE
"1066","Scarus schlegeli",30.4,"Fontoura et al. 2022","Labridae",FALSE
"1067","Scarus taeniopterus",28.2,"Fontoura et al. 2022","Labridae",FALSE
"1068","Semicossyphus darwini",37,"Fontoura et al. 2022","Labridae",FALSE
"1069","Semicossyphus pulcher",37.4,"Fontoura et al. 2022","Labridae",TRUE
"1070","Sparisoma atomarium",18,"Fontoura et al. 2022","Labridae",FALSE
"1071","Sparisoma aurofrenatum",48.6,"Fontoura et al. 2022","Labridae",FALSE
"1072","Sparisoma viride",48.3,"Fontoura et al. 2022","Scaridae",FALSE
"1073","Stethojulis balteata",38.5,"Fontoura et al. 2022","Labridae",FALSE
"1074","Stethojulis bandanensis",30.7,"Fontoura et al. 2022","Labridae",FALSE
"1075","Stethojulis notialis",40.3,"Fontoura et al. 2022","Labridae",FALSE
"1076","Stethojulis strigiventer",23.4,"Fontoura et al. 2022","Labridae",FALSE
"1077","Thalassoma ballieui",84,"Fontoura et al. 2022","Labridae",FALSE
"1078","Thalassoma bifasciatum",48.2,"Fontoura et al. 2022","Labridae",FALSE
"1079","Thalassoma duperrey",89.2,"Fontoura et al. 2022","Labridae",FALSE
"1080","Thalassoma grammaticum",61.8,"Fontoura et al. 2022","Labridae",FALSE
"1081","Thalassoma hardwicke",54.5,"Fontoura et al. 2022","Labridae",FALSE
"1082","Thalassoma jansenii",63.3,"Fontoura et al. 2022","Labridae",FALSE
"1083","Thalassoma lucasanum",72.25,"Fontoura et al. 2022","Labridae",FALSE
"1084","Thalassoma lunare",50.12,"Fontoura et al. 2022","Labridae",FALSE
"1085","Thalassoma lutescens",78,"Fontoura et al. 2022","Labridae",FALSE
"1086","Thalassoma purpureum",57.7,"Fontoura et al. 2022","Labridae",FALSE
"1087","Thalassoma quinquevittatum",56.4,"Fontoura et al. 2022","Labridae",FALSE
"1088","Thalassoma robertsoni",58.6,"Fontoura et al. 2022","Labridae",FALSE
"1089","Thalassoma trilobatum",78.3,"Fontoura et al. 2022","Labridae",FALSE
"1090","Thalassoma virens",68.8,"Fontoura et al. 2022","Labridae",FALSE
"1091","Xyrichtys martinicensis",54.15,"Fontoura et al. 2022","Labridae",FALSE
"1092","Xyrichtys mundiceps",59.2,"Fontoura et al. 2022","Labridae",FALSE
"1093","Xyrichtys novacula",39,"Fontoura et al. 2022","Labridae",TRUE
"1094","Xyrichtys splendens",72.1,"Fontoura et al. 2022","Labridae",FALSE
"1095","Xyrichtys victori",73.7,"Fontoura et al. 2022","Labridae",FALSE
"1096","Xyrichtys wellingtoni",68,"Fontoura et al. 2022","Labridae",FALSE
"1097","Gnathodentex aureolineatus",40,"Fontoura et al. 2022","Lethrinidae",FALSE
"1098","Lethrinus atkinsoni",26.6,"Fontoura et al. 2022","Lethrinidae",FALSE
"1099","Lethrinus genivittatus",29.05,"Fontoura et al. 2022","Lethrinidae",FALSE
"1100","Lethrinus ornatus",26.6,"Fontoura et al. 2022","Lethrinidae",FALSE
"1101","Lethrinus variegatus",32,"Fontoura et al. 2022","Lethrinidae",FALSE
"1102","Hoplopagrus guentherii",21.5,"Fontoura et al. 2022","Lutjanidae",TRUE
"1103","Lutjanus analis",31,"Fontoura et al. 2022","Lutjanidae",TRUE
"1104","Lutjanus apodus",32,"Fontoura et al. 2022","Lutjanidae",FALSE
"1105","Lutjanus buccanella",26,"Fontoura et al. 2022","Lutjanidae",TRUE
"1106","Lutjanus carponotatus",35,"Fontoura et al. 2022","Lutjanidae",FALSE
"1107","Lutjanus decussatus",32.3,"Fontoura et al. 2022","Lutjanidae",FALSE
"1108","Lutjanus fulviflamma",23.26,"Fontoura et al. 2022","Lutjanidae",FALSE
"1109","Lutjanus fulvus",27.7,"Fontoura et al. 2022","Lutjanidae",FALSE
"1110","Lutjanus guttatus",24.15,"Fontoura et al. 2022","Lutjanidae",TRUE
"1111","Lutjanus kasmira",31,"Fontoura et al. 2022","Lutjanidae",TRUE
"1112","Lutjanus sebae",40,"Fontoura et al. 2022","Lutjanidae",FALSE
"1113","Lutjanus viridis",37.9,"Fontoura et al. 2022","Lutjanidae",FALSE
"1114","Lutjanus vitta",31.3,"Fontoura et al. 2022","Lutjanidae",FALSE
"1115","Pristipomoides filamentosus",45,"Fontoura et al. 2022","Lutjanidae",FALSE
"1116","Acreichthys tomentosus",23.9,"Fontoura et al. 2022","Monacanthidae",FALSE
"1117","Monacanthus chinensis",20,"Fontoura et al. 2022","Monacanthidae",FALSE
"1118","Monacanthus tuckeri",41.9,"Fontoura et al. 2022","Monacanthidae",FALSE
"1119","Paraluteres prionurus",28,"Fontoura et al. 2022","Monacanthidae",FALSE
"1120","Parupeneus barbarinoides",42.3,"Fontoura et al. 2022","Mullidae",FALSE
"1121","Parupeneus barberinus",38.6,"Fontoura et al. 2022","Mullidae",FALSE
"1122","Parupeneus indicus",33,"Fontoura et al. 2022","Mullidae",FALSE
"1123","Parupeneus multifasciatus",45,"Fontoura et al. 2022","Mullidae",FALSE
"1124","Parupeneus pleurostigma",50,"Fontoura et al. 2022","Mullidae",FALSE
"1125","Upeneus tragula",31.1,"Fontoura et al. 2022","Mullidae",FALSE
"1126","Scolopsis bilineata",25,"Fontoura et al. 2022","Nemipteridae",FALSE
"1127","Scolopsis taenioptera",19,"Fontoura et al. 2022","Nemipteridae",FALSE
"1128","Lactoria cornuta",58,"Fontoura et al. 2022","Ostraciidae",FALSE
"1129","Ostracion cubicus",44.3,"Fontoura et al. 2022","Ostraciidae",FALSE
"1130","Ostracion meleagris",61.5,"Fontoura et al. 2022","Ostraciidae",FALSE
"1131","Parapercis australis",41.6,"Fontoura et al. 2022","Pinguipedidae",FALSE
"1132","Apolemichthys trimaculatus",24.2,"Fontoura et al. 2022","Pomacanthidae",FALSE
"1133","Centropyge acanthops",34,"Fontoura et al. 2022","Pomacanthidae",FALSE
"1134","Centropyge argi",36.8,"Fontoura et al. 2022","Pomacanthidae",FALSE
"1135","Centropyge bicolor",32,"Fontoura et al. 2022","Pomacanthidae",FALSE
"1136","Centropyge bispinosa",32,"Fontoura et al. 2022","Pomacanthidae",FALSE
"1137","Centropyge eibli",25.3,"Fontoura et al. 2022","Pomacanthidae",FALSE
"1138","Centropyge ferrugata",38,"Fontoura et al. 2022","Pomacanthidae",FALSE
"1139","Centropyge fisheri",38.33,"Fontoura et al. 2022","Pomacanthidae",FALSE
"1140","Centropyge flavissima",30.3,"Fontoura et al. 2022","Pomacanthidae",FALSE
"1141","Centropyge heraldi",32,"Fontoura et al. 2022","Pomacanthidae",FALSE
"1142","Centropyge interruptus",31.5,"Fontoura et al. 2022","Pomacanthidae",FALSE
"1143","Centropyge loricula",38,"Fontoura et al. 2022","Pomacanthidae",FALSE
"1144","Centropyge multifasciata",26.2,"Fontoura et al. 2022","Pomacanthidae",FALSE
"1145","Centropyge nox",31.5,"Fontoura et al. 2022","Pomacanthidae",FALSE
"1146","Centropyge potteri",35.5,"Fontoura et al. 2022","Pomacanthidae",FALSE
"1147","Centropyge tibicen",30,"Fontoura et al. 2022","Pomacanthidae",FALSE
"1148","Centropyge venusta",25,"Fontoura et al. 2022","Pomacanthidae",FALSE
"1149","Centropyge vroliki",29,"Fontoura et al. 2022","Pomacanthidae",FALSE
"1150","Chaetodontoplus duboulayi",21.64,"Fontoura et al. 2022","Pomacanthidae",FALSE
"1151","Chaetodontoplus melanosoma",22.2,"Fontoura et al. 2022","Pomacanthidae",FALSE
"1152","Chaetodontoplus mesoleucus",19.9,"Fontoura et al. 2022","Pomacanthidae",FALSE
"1153","Chaetodontoplus personifer",23.2,"Fontoura et al. 2022","Pomacanthidae",FALSE
"1154","Chaetodontoplus septentrionalis",23,"Fontoura et al. 2022","Pomacanthidae",FALSE
"1155","Genicanthus bellus",25,"Fontoura et al. 2022","Pomacanthidae",FALSE
"1156","Genicanthus melanospilos",25,"Fontoura et al. 2022","Pomacanthidae",FALSE
"1157","Holacanthus bermudensis",22.7,"Fontoura et al. 2022","Pomacanthidae",FALSE
"1158","Holacanthus ciliaris",22.4,"Fontoura et al. 2022","Pomacanthidae",FALSE
"1159","Holacanthus tricolor",29.7,"Fontoura et al. 2022","Pomacanthidae",FALSE
"1160","Pomacanthus annularis",21,"Fontoura et al. 2022","Pomacanthidae",FALSE
"1161","Pomacanthus arcuatus",19.9,"Fontoura et al. 2022","Pomacanthidae",FALSE
"1162","Pomacanthus imperator",22,"Fontoura et al. 2022","Pomacanthidae",FALSE
"1163","Pomacanthus navarchus",22.83,"Fontoura et al. 2022","Pomacanthidae",FALSE
"1164","Pomacanthus paru",17.7,"Fontoura et al. 2022","Pomacanthidae",FALSE
"1165","Pomacanthus semicirculatus",19.5,"Fontoura et al. 2022","Pomacanthidae",FALSE
"1166","Pomacanthus sexstriatus",18,"Fontoura et al. 2022","Pomacanthidae",FALSE
"1167","Pomacanthus xanthometopon",20.38,"Fontoura et al. 2022","Pomacanthidae",FALSE
"1168","Pygoplites diacanthus",24.5,"Fontoura et al. 2022","Pomacanthidae",FALSE
"1169","Diplectrum formosum",17.2,"Fontoura et al. 2022","Serranidae",FALSE
"1170","Grammistes sexlineatus",42,"Fontoura et al. 2022","Serranidae",FALSE
"1171","Hypoplectrus puella",19.1,"Fontoura et al. 2022","Serranidae",FALSE
"1172","Pseudanthias pascalus",26,"Fontoura et al. 2022","Serranidae",FALSE
"1173","Pseudogramma polyacantha",32.3,"Fontoura et al. 2022","Serranidae",FALSE
"1174","Pseudogramma xanthum",30.5,"Fontoura et al. 2022","Serranidae",FALSE
"1175","Rypticus saponaceus",40,"Fontoura et al. 2022","Serranidae",FALSE
"1176","Serranus baldwini",23.6,"Fontoura et al. 2022","Serranidae",FALSE
"1177","Serranus tigrinus",18.2,"Fontoura et al. 2022","Serranidae",FALSE
"1178","Siganus doliatus",23.9,"Fontoura et al. 2022","Siganidae",FALSE
"1179","Siganus lineatus",33,"Fontoura et al. 2022","Siganidae",FALSE
"1180","Siganus rivulatus",39,"Fontoura et al. 2022","Siganidae",FALSE
"1181","Siganus spinus",22,"Fontoura et al. 2022","Siganidae",FALSE
"1182","Siganus vermiculatus",23,"Fontoura et al. 2022","Siganidae",FALSE
"1183","Siganus vulpinus",23.5,"Fontoura et al. 2022","Siganidae",FALSE
"1184","Acanthopagrus latus",33.7,"Fontoura et al. 2022","Sparidae",TRUE
"1185","Archosargus rhomboidalis",21,"Fontoura et al. 2022","Sparidae",FALSE
"1186","Boops boops",16.7,"Fontoura et al. 2022","Sparidae",TRUE
"1187","Diplodus puntazzo",32.7,"Fontoura et al. 2022","Sparidae",FALSE
"1188","Oblada melanura",16,"Fontoura et al. 2022","Sparidae",TRUE
"1189","Pagrus pagrus",38,"Fontoura et al. 2022","Sparidae",TRUE
"1190","Sarpa salpa",31.5,"Fontoura et al. 2022","Sparidae",TRUE
"1191","Spondyliosoma cantharus",35.85,"Fontoura et al. 2022","Sparidae",TRUE
"1192","Synodus saurus",19,"Fontoura et al. 2022","Synodontidae",FALSE
"1193","Synodus variegatus",42,"Fontoura et al. 2022","Synodontidae",FALSE
"1194","Arothron hispidus",40.8,"Fontoura et al. 2022","Tetraodontidae",FALSE
"1195","Canthigaster valentini",18,"Fontoura et al. 2022","Tetraodontidae",FALSE
"1196","Zanclus cornutus",57.9,"Fontoura et al. 2022","Zanclidae",FALSE
